UF,jan. 2004,fev. 2004,mar. 2004,abr. 2004,mai. 2004,jun. 2004,jul. 2004,ago. 2004,set. 2004,out. 2004,nov. 2004,dez. 2004,jan. 2005,fev. 2005,mar. 2005,abr. 2005,mai. 2005,jun. 2005,jul. 2005,ago. 2005,set. 2005,out. 2005,nov. 2005,dez. 2005,jan. 2006,fev. 2006,mar. 2006,abr. 2006,mai. 2006,jun. 2006,jul. 2006,ago. 2006,set. 2006,out. 2006,nov. 2006,dez. 2006,jan. 2007,fev. 2007,mar. 2007,abr. 2007,mai. 2007,jun. 2007,jul. 2007,ago. 2007,set. 2007,out. 2007,nov. 2007,dez. 2007,jan. 2008,fev. 2008,mar. 2008,abr. 2008,mai. 2008,jun. 2008,jul. 2008,ago. 2008,set. 2008,out. 2008,nov. 2008,dez. 2008,jan. 2009,fev. 2009,mar. 2009,abr. 2009,mai. 2009,jun. 2009,jul. 2009,ago. 2009,set. 2009,out. 2009,nov. 2009,dez. 2009,jan. 2010,fev. 2010,mar. 2010,abr. 2010,mai. 2010,jun. 2010,jul. 2010,ago. 2010,set. 2010,out. 2010,nov. 2010,dez. 2010,jan. 2011,fev. 2011,mar. 2011,abr. 2011,mai. 2011,jun. 2011,jul. 2011,ago. 2011,set. 2011,out. 2011,nov. 2011,dez. 2011,jan. 2012,fev. 2012,mar. 2012,abr. 2012,mai. 2012,jun. 2012,jul. 2012,ago. 2012,set. 2012,out. 2012,nov. 2012,dez. 2012,jan. 2013,fev. 2013,mar. 2013,abr. 2013,mai. 2013,jun. 2013,jul. 2013,ago. 2013,set. 2013,out. 2013,nov. 2013,dez. 2013,jan. 2014,fev. 2014,mar. 2014,abr. 2014,mai. 2014,jun. 2014,jul. 2014,ago. 2014,set. 2014,out. 2014,nov. 2014,dez. 2014,jan. 2015,fev. 2015,mar. 2015,abr. 2015,mai. 2015,jun. 2015,jul. 2015,ago. 2015,set. 2015,out. 2015,nov. 2015,dez. 2015,jan. 2016,fev. 2016,mar. 2016,abr. 2016,mai. 2016,jun. 2016,jul. 2016,ago. 2016,set. 2016,out. 2016,nov. 2016,dez. 2016,jan. 2017,fev. 2017,mar. 2017,abr. 2017,mai. 2017,jun. 2017,jul. 2017,ago. 2017,set. 2017,out. 2017,nov. 2017,dez. 2017,jan. 2018,fev. 2018,mar. 2018,abr. 2018,mai. 2018,jun. 2018,jul. 2018,ago. 2018,set. 2018,out. 2018,nov. 2018,dez. 2018,jan. 2019,fev. 2019,mar. 2019,abr. 2019,mai. 2019,jun. 2019,jul. 2019,ago. 2019,set. 2019,out. 2019,nov. 2019,dez. 2019,jan. 2020,fev. 2020,mar. 2020,abr. 2020,mai. 2020,jun. 2020,jul. 2020,ago. 2020,set. 2020,out. 2020,nov. 2020,dez. 2020,jan. 2021,fev. 2021,mar. 2021,abr. 2021,mai. 2021,jun. 2021,jul. 2021,ago. 2021,set. 2021,out. 2021,nov. 2021,dez. 2021,jan. 2022,fev. 2022,mar. 2022,abr. 2022,mai. 2022,jun. 2022,jul. 2022,ago. 2022,set. 2022,out. 2022,nov. 2022,dez. 2022,jan. 2023
Rondônia,112.812,105.806,106.668,107.580,112.116,107.817,108.589,110.858,116.058,120.268,119.959,116.378,116.926,109.653,116.662,115.809,117.752,119.882,123.359,115.911,122.495,124.693,127.387,128.797,122.877,116.242,120.809,121.517,117.740,119.680,131.681,129.918,139.183,137.709,131.735,134.813,128.493,128.342,124.676,130.877,134.470,131.916,137.448,135.274,148.596,144.772,145.373,143.568,138.465,133.501,134.855,138.913,141.117,140.705,139.671,153.353,160.247,155.112,159.680,154.233,149.272,146.857,142.553,149.795,157.115,153.570,157.224,163.459,172.020,172.568,177.619,171.703,167.599,157.710,168.817,181.107,182.040,179.747,184.630,176.559,190.761,208.602,197.194,189.815,189.384,179.184,175.311,188.043,185.251,196.137,202.144,206.773,211.551,216.961,214.947,212.161,207.648,202.111,236.370,220.371,233.506,237.786,224.545,260.049,253.310,245.704,267.545,237.203,225.761,217.919,226.616,236.394,247.498,236.254,255.981,237.287,255.615,262.580,249.556,278.963,244.037,230.153,239.835,248.221,245.102,249.128,243.747,257.835,277.468,274.002,263.181,258.822,244.764,230.287,242.428,247.535,240.618,249.976,247.241,256.387,274.622,274.426,262.361,262.404,238.440,240.311,249.848,243.650,240.798,236.197,240.150,257.792,245.969,253.212,253.243,244.761,233.549,225.403,246.144,234.192,260.681,255.041,247.976,273.801,278.307,277.698,276.785,257.363,249.349,244.861,257.309,260.804,265.517,244.357,262.379,278.297,262.416,299.253,279.293,249.342,258.934,252.680,254.847,260.772,268.913,254.185,277.544,275.257,304.632,280.828,274.057,284.964,261.825,279.573,267.371,258.343,261.114,246.812,271.912,289.946,312.238,317.105,296.981,324.406,251.933,252.583,250.910,275.481,276.388,276.877,269.290,295.607,308.916,312.596,292.503,296.181,283.800,259.064,290.442,280.671,301.392,284.030,295.762,313.671,318.511,321.702,302.446,320.840,285.977
Acre,34.840,33.050,33.858,34.961,29.766,32.049,33.660,34.837,36.880,36.948,38.066,36.880,36.639,35.532,37.500,34.286,34.664,38.934,37.977,36.380,39.860,41.717,42.667,41.224,39.805,39.151,39.285,41.206,38.259,38.734,43.788,41.193,45.486,44.970,46.119,46.770,42.215,45.068,44.111,43.629,44.184,41.859,44.820,44.102,47.298,49.165,48.531,46.336,46.028,45.807,45.097,46.184,45.889,45.104,46.190,52.834,51.827,52.747,53.493,51.403,50.426,49.322,44.789,51.492,49.207,48.626,48.780,51.280,56.546,56.857,57.219,56.722,53.457,52.272,51.994,57.454,55.569,52.381,55.599,53.520,58.381,63.198,60.935,58.493,60.050,58.445,53.699,56.565,60.146,60.015,57.541,62.748,63.004,64.723,68.049,63.380,62.817,61.946,64.320,68.905,65.332,64.657,67.523,71.230,73.208,76.832,74.628,70.586,67.457,65.827,66.981,68.672,69.305,70.842,70.232,69.668,70.867,77.618,73.826,72.816,74.096,72.453,70.003,71.360,73.009,70.033,69.657,72.093,79.577,80.814,74.031,79.434,73.649,70.855,77.460,79.023,75.929,78.707,80.557,85.781,86.498,87.334,87.299,90.645,81.384,81.581,87.242,83.786,82.541,78.918,80.393,88.980,84.134,87.305,88.311,89.670,86.061,79.907,85.592,84.410,88.816,86.505,87.019,97.364,97.625,98.577,90.208,92.193,81.045,79.121,76.322,74.647,81.721,76.033,79.555,80.492,85.700,90.182,93.348,80.665,87.601,79.986,85.525,86.770,89.633,93.619,90.606,86.074,99.064,93.099,96.031,92.982,88.606,95.496,94.488,86.016,81.075,80.543,81.326,92.588,101.309,100.666,100.460,99.998,93.243,86.351,84.783,86.436,82.509,91.990,80.269,91.212,103.203,106.138,94.750,94.266,93.952,87.025,89.776,91.045,93.570,87.311,96.257,100.333,98.467,103.970,101.795,99.933,95.347
Amazonas,274.773,278.430,270.420,279.045,283.866,285.251,295.884,296.650,308.616,319.946,310.684,321.545,299.783,289.645,289.247,296.436,297.431,310.961,317.581,322.776,338.804,332.436,334.371,315.160,298.210,304.795,302.554,315.254,314.094,322.463,330.310,339.054,359.009,346.915,355.093,336.693,312.475,320.268,323.030,334.719,335.441,350.911,337.251,356.199,361.337,367.171,376.022,360.832,331.368,331.440,339.761,341.144,361.100,359.481,359.733,390.771,398.919,388.833,394.311,359.102,329.661,318.688,331.379,334.981,345.127,351.824,347.954,394.413,391.390,409.734,405.576,401.029,369.600,368.840,363.423,404.806,392.430,404.911,388.102,419.005,432.059,435.048,429.563,407.452,388.938,377.546,394.293,394.888,399.888,422.015,425.545,458.233,468.046,469.410,450.418,436.132,425.582,473.933,455.374,437.666,451.756,456.900,459.974,493.586,477.170,496.783,507.143,460.459,459.640,446.605,457.277,479.972,484.281,493.425,517.886,520.991,519.050,549.053,532.085,505.958,501.549,479.463,495.404,498.706,529.186,493.025,528.946,547.175,569.778,559.531,544.129,528.333,524.542,485.964,517.260,508.045,509.000,504.937,530.012,558.743,571.653,603.861,538.961,504.238,509.002,490.478,504.398,485.366,485.827,489.546,511.318,499.234,507.842,516.974,546.929,443.651,474.419,439.419,476.521,455.630,489.485,494.611,489.740,542.340,509.960,509.684,506.961,463.702,460.128,438.588,504.914,490.246,500.161,482.613,505.175,535.617,511.131,562.723,515.470,459.660,470.117,462.127,507.987,511.648,516.444,497.996,523.630,554.366,526.283,521.774,533.501,516.102,524.796,523.377,537.167,426.645,442.030,487.377,540.539,556.147,562.477,560.717,537.850,509.005,460.429,429.324,480.872,500.805,516.451,516.429,518.701,560.315,563.738,562.716,555.615,522.545,525.348,503.928,544.800,516.767,544.203,536.348,563.864,619.103,608.718,606.842,596.170,547.534,533.206
Roraima,31.696,30.802,30.276,33.035,28.944,29.532,28.212,28.723,29.797,31.634,33.055,34.182,32.340,31.153,30.294,32.623,30.139,29.714,29.958,29.801,32.703,32.954,36.235,31.644,30.879,31.221,31.184,30.199,31.517,30.676,28.798,29.695,33.965,34.887,35.116,33.793,35.749,33.111,35.788,35.881,35.211,34.038,31.787,34.555,35.567,36.003,39.537,38.067,35.196,36.036,36.752,37.186,37.758,35.306,34.910,34.816,39.908,40.884,41.631,39.615,37.512,38.286,38.990,39.939,43.593,38.707,37.708,38.813,42.774,45.239,46.723,42.969,45.039,42.057,42.994,48.046,43.976,44.339,40.962,42.709,46.918,50.687,48.285,46.684,51.583,42.573,47.843,48.910,46.913,44.776,44.796,46.486,52.876,55.717,50.158,54.368,51.477,49.733,55.258,59.543,51.056,54.152,51.156,51.246,54.452,60.120,62.595,61.137,57.109,55.096,55.240,64.538,55.980,55.092,56.512,55.793,58.188,66.509,62.393,62.667,64.086,60.271,64.594,65.175,67.546,63.062,61.773,60.610,73.435,77.060,69.559,74.493,74.457,66.881,76.847,72.466,67.716,64.979,68.119,68.717,77.919,87.201,79.968,77.761,72.024,75.122,82.944,77.185,72.095,68.886,66.836,85.097,75.884,79.239,79.741,80.047,73.265,68.655,78.491,70.774,75.224,70.145,67.137,79.253,78.906,85.371,87.734,82.858,76.489,79.149,82.289,84.250,73.826,70.982,67.098,78.815,76.491,93.616,87.809,74.624,78.396,75.135,83.627,87.274,77.105,65.038,73.222,71.494,77.278,83.319,80.666,79.535,81.194,77.622,90.509,80.798,73.350,71.888,74.522,74.453,85.027,90.364,86.429,89.148,79.506,79.351,78.649,86.793,78.873,79.367,82.119,83.747,95.029,96.461,100.007,95.920,91.959,94.380,96.802,93.803,89.133,85.396,87.010,98.904,101.777,108.239,100.716,98.661,96.817
Pará,1.011.353,967.109,1.022.953,1.032.233,1.057.806,1.067.141,1.083.199,1.138.724,1.069.492,1.090.780,1.097.027,1.110.613,1.083.695,1.035.912,1.076.644,1.051.345,1.088.058,1.070.249,1.086.134,1.093.866,1.080.810,1.131.543,1.118.780,1.130.732,1.115.851,1.033.672,1.126.979,1.101.863,1.127.802,1.121.516,1.148.234,1.172.641,1.164.267,1.194.718,1.166.822,1.177.378,1.180.334,1.098.723,1.164.173,1.153.880,1.202.909,1.196.630,1.220.940,1.236.312,1.219.828,1.259.728,1.238.990,1.260.074,1.195.285,1.153.500,1.209.720,1.185.964,1.204.944,1.247.513,1.269.710,1.277.788,1.297.083,1.344.879,1.268.284,1.276.296,1.263.146,1.105.373,1.180.971,1.189.792,1.178.005,1.242.804,1.268.925,1.257.272,1.251.738,1.277.654,1.274.365,1.277.209,1.263.569,1.187.333,1.307.307,1.278.783,1.314.680,1.324.439,1.344.336,1.347.651,1.352.077,1.368.534,1.337.064,1.368.136,1.343.143,1.233.164,1.387.148,1.347.494,1.378.682,1.404.316,1.423.875,1.429.423,1.407.584,1.456.452,1.390.478,1.450.878,1.426.237,1.351.493,1.443.203,1.375.924,1.418.104,1.359.436,1.381.259,1.397.591,1.376.062,1.399.131,1.351.954,1.367.694,1.367.401,1.280.164,1.364.354,1.393.688,1.374.287,1.359.820,1.426.771,1.434.830,1.415.310,1.503.072,1.472.341,1.579.971,1.490.023,1.424.374,1.523.509,1.486.853,1.550.456,1.518.602,1.662.933,1.461.244,1.568.909,1.555.321,1.547.405,1.616.524,1.559.812,1.479.743,1.556.078,1.491.414,1.579.224,1.533.671,1.648.153,1.650.360,1.663.930,1.711.081,1.711.846,1.751.783,1.592.424,1.570.770,1.658.525,1.570.401,1.694.585,1.661.579,1.730.933,1.720.521,1.709.671,1.726.800,1.698.436,1.774.099,1.650.619,1.507.222,1.651.561,1.621.941,1.735.778,1.695.798,1.724.334,1.754.274,1.719.317,1.767.703,1.713.492,1.751.419,1.684.268,1.559.132,1.680.242,1.503.476,1.461.332,1.425.764,1.465.487,1.416.141,1.449.863,1.471.549,1.458.851,1.454.001,1.399.065,1.286.211,1.400.697,1.344.664,1.441.995,1.515.600,1.555.908,1.595.261,1.604.474,1.672.557,1.646.372,1.728.873,1.662.169,1.584.586,1.547.776,1.505.146,1.517.862,1.535.644,1.637.341,1.731.850,1.717.543,1.770.336,1.695.857,1.668.212,1.707.785,1.618.426,1.723.529,1.730.329,1.797.737,1.765.000,1.774.993,1.792.356,1.768.771,1.796.328,1.804.435,1.856.533,1.768.359,1.572.271,1.694.374,1.658.405,1.756.893,1.807.858,1.893.428,1.949.562,1.902.989,1.913.456,1.891.331,1.928.524,1.881.713
Amapá,43.084,28.944,42.451,40.234,38.522,41.854,40.924,41.429,44.138,46.695,46.641,46.518,46.518,46.420,46.502,46.488,44.046,44.513,44.573,43.866,51.105,50.481,48.562,50.835,46.760,46.371,45.138,48.462,45.702,49.104,50.442,52.283,55.491,54.285,53.135,53.698,52.994,48.024,48.586,48.388,49.688,53.428,52.467,50.958,57.185,55.565,54.117,54.522,54.293,48.433,49.889,51.074,49.667,56.602,53.274,57.191,58.858,61.394,65.184,61.584,58.480,54.803,52.594,54.460,54.758,56.801,55.830,58.339,63.772,65.378,66.606,66.436,62.585,60.778,59.719,61.512,63.549,66.742,62.956,65.416,71.953,70.016,69.927,70.721,65.575,65.592,62.182,63.001,65.599,68.373,66.361,68.663,74.237,77.013,74.557,73.919,74.058,68.698,62.402,68.677,69.307,74.808,73.296,74.178,77.985,79.315,80.396,78.816,79.073,71.625,71.706,74.396,74.187,81.035,75.890,79.451,86.031,88.357,92.480,86.665,86.182,74.887,73.891,81.156,79.404,82.739,82.810,86.569,93.091,91.575,93.246,89.071,88.130,84.111,79.258,82.070,80.702,83.404,85.614,88.942,93.512,91.057,100.738,98.183,89.831,86.789,88.960,87.303,89.705,90.332,92.213,94.404,99.946,98.303,102.870,93.740,85.158,77.343,78.699,79.393,90.378,89.052,86.381,99.456,104.341,92.396,98.001,92.497,88.958,79.556,82.248,81.707,84.407,83.402,86.687,91.249,94.994,102.241,92.955,85.275,80.626,81.200,79.087,81.899,87.243,86.966,91.928,94.156,100.883,98.678,98.549,92.991,89.894,84.732,85.880,81.659,82.044,84.217,84.585,85.797,82.886,88.242,83.376,85.507,88.272,96.330,88.836,94.260,88.665,93.446,91.576,101.021,102.871,101.637,103.448,89.648,83.935,73.247,80.354,82.740,89.666,93.485,88.695,98.160,100.502,110.292,126.315,99.091,86.354
Tocantins,65.877,63.307,67.551,71.774,74.459,77.739,74.535,78.676,82.175,77.895,74.207,74.505,71.638,70.810,72.748,74.900,77.318,78.036,79.336,82.857,86.384,82.355,79.686,75.876,73.550,74.900,75.111,75.152,78.844,79.747,79.676,87.158,88.914,86.475,83.553,81.224,81.448,79.450,80.173,85.493,87.524,90.536,88.079,93.308,94.796,94.121,93.012,87.618,89.685,87.579,84.432,88.434,92.559,96.232,95.058,100.054,105.645,107.333,99.161,90.085,93.416,90.833,91.214,98.568,95.754,101.491,107.272,111.315,111.294,108.392,104.261,105.648,103.496,107.820,113.069,114.307,123.196,125.685,119.203,123.678,127.763,129.613,119.089,119.245,117.082,106.778,115.452,119.762,126.415,127.972,131.254,134.517,142.149,135.843,120.547,125.094,121.086,113.858,122.731,130.819,141.099,134.535,139.895,142.641,143.505,147.897,139.801,134.478,136.012,128.970,136.018,143.444,148.626,153.065,159.248,161.376,166.126,173.397,158.925,151.695,140.999,135.372,145.431,149.856,162.624,166.808,172.013,172.426,174.634,187.573,170.705,169.456,155.304,147.612,160.019,166.325,165.223,177.364,173.944,183.047,196.310,195.052,176.935,177.620,151.612,163.748,191.801,179.580,196.896,193.368,179.014,186.587,195.715,184.697,184.461,170.591,165.134,154.680,178.456,174.709,194.091,200.692,179.521,194.548,204.123,215.980,192.720,177.562,172.661,170.132,185.249,184.183,199.931,200.773,192.072,208.382,208.499,208.895,195.912,181.692,188.445,184.040,188.820,194.781,207.409,206.280,207.655,204.607,225.411,215.076,196.255,199.306,186.042,190.661,192.093,191.243,199.240,202.435,208.111,204.580,223.879,232.693,206.750,215.476,192.073,194.403,183.873,212.713,212.447,220.841,217.246,220.621,229.839,225.903,210.314,204.082,187.073,184.549,207.454,212.059,222.856,224.962,228.775,237.652,249.271,256.665,226.221,215.129,198.802
Maranhão,737.033,694.592,743.086,728.379,751.060,730.462,741.750,757.367,745.555,786.961,745.748,757.938,756.950,698.107,755.230,723.071,761.258,762.777,769.694,786.401,769.462,792.655,785.051,859.750,815.424,756.883,815.147,823.687,817.066,827.201,851.832,883.056,870.437,899.816,871.288,897.669,890.493,809.315,868.514,871.738,904.446,874.990,901.373,929.030,891.209,931.758,915.287,928.795,915.225,843.994,897.789,865.475,900.150,893.575,935.394,947.653,936.395,961.541,937.933,930.688,928.063,807.085,861.919,842.430,898.813,861.533,902.258,936.600,933.962,950.525,934.771,935.828,962.612,882.111,952.818,942.829,961.211,945.977,970.718,1.006.961,985.990,1.015.413,991.190,995.385,993.051,896.022,968.626,983.501,1.018.032,1.014.024,1.032.885,1.058.636,1.034.658,1.041.248,1.007.894,1.004.179,987.765,936.084,979.449,973.116,1.021.198,984.029,946.571,986.719,983.860,989.928,952.681,958.397,945.840,888.996,952.727,924.225,937.432,917.378,952.387,971.313,902.593,895.225,859.897,851.184,846.344,775.298,813.589,738.595,663.962,655.029,664.671,722.650,701.362,719.125,709.751,689.738,681.792,647.871,686.420,581.368,519.306,532.190,527.012,560.779,572.763,581.229,570.925,576.143,528.069,530.313,551.328,557.051,564.976,563.658,560.858,568.189,615.120,585.538,609.230,589.256,533.998,509.151,537.996,536.822,543.473,558.638,557.027,599.099,624.533,642.634,634.157,627.180,565.404,519.875,559.924,560.141,570.333,586.892,596.580,621.139,619.888,647.507,644.882,606.665,581.644,571.802,580.822,572.047,611.377,621.587,629.703,645.994,660.274,665.020,677.006,693.978,602.214,580.291,591.807,594.251,606.835,638.881,650.861,660.576,677.302,726.073,699.674,688.993,641.048,612.299,614.322,623.698,634.274,660.356,695.641,710.540,737.063,747.445,732.898,737.343,659.935,614.653,665.327,646.793,721.612,730.644,783.457,881.230,920.582,967.973,988.530,1.031.597,987.379
Piauí,131.052,110.758,112.344,123.168,121.261,122.482,120.148,123.974,135.732,135.439,138.289,132.442,136.669,125.819,120.198,122.269,127.469,130.358,132.847,131.931,143.183,148.761,149.440,144.734,135.330,130.490,125.245,128.022,127.217,133.976,141.395,138.587,148.516,147.079,151.388,147.496,144.519,140.396,124.398,134.804,138.460,142.851,141.882,144.876,154.837,155.195,167.850,160.982,156.434,146.903,140.331,135.496,142.946,148.286,143.535,153.489,163.787,170.216,177.810,163.782,159.326,149.497,141.394,143.291,144.386,148.040,150.395,156.588,166.269,178.993,186.789,178.260,179.415,171.398,171.640,181.308,179.661,179.865,178.742,184.787,197.323,200.216,204.095,197.214,198.865,182.037,179.375,185.311,183.813,193.028,197.160,200.165,216.653,222.821,217.772,215.555,216.823,204.380,200.064,212.641,215.948,227.715,228.293,243.378,247.350,253.519,250.634,233.567,227.624,219.731,218.076,231.107,225.025,236.336,242.414,247.467,259.567,268.128,256.918,259.286,250.521,236.733,238.448,232.059,244.483,252.584,260.319,267.045,281.999,294.112,255.434,272.628,273.383,250.743,253.029,251.851,261.748,267.085,271.404,277.065,289.127,293.789,302.313,301.549,265.941,241.265,266.071,259.448,280.490,283.536,272.627,292.150,302.995,296.038,318.946,301.204,279.492,254.282,265.997,257.715,288.441,289.846,276.474,295.424,316.318,322.286,329.139,305.164,287.938,261.119,272.641,270.381,277.264,292.479,273.592,315.256,326.383,338.349,335.002,157.708,271.935,277.261,281.085,276.726,292.790,296.248,298.313,303.774,322.073,338.106,370.183,335.365,306.315,283.534,283.979,272.757,278.661,284.694,296.327,300.643,325.854,357.003,352.939,356.744,325.942,292.133,300.388,307.187,320.129,332.988,333.394,340.995,361.856,355.231,342.780,348.500,309.774,291.533,311.619,304.835,324.165,326.689,333.801,336.657,374.648,375.275,350.641,356.245,319.561
Ceará,518.714,469.181,508.966,523.200,501.515,511.009,495.416,531.185,564.013,553.698,575.826,575.618,563.304,544.337,559.221,550.633,559.738,546.499,549.962,582.136,578.429,595.936,598.471,595.021,595.421,567.171,561.689,555.420,558.304,561.212,551.526,580.902,594.827,621.036,624.503,606.952,605.060,590.036,555.759,595.118,585.007,593.903,590.897,617.797,613.243,647.142,653.447,651.412,622.812,621.114,610.662,581.639,601.608,602.625,630.237,643.449,655.093,693.888,678.113,681.614,685.028,619.992,618.623,615.309,615.709,614.239,635.046,678.471,681.184,718.245,722.155,713.681,713.169,683.893,733.041,727.540,720.365,741.230,744.855,730.223,769.216,771.275,776.945,764.275,743.669,697.951,707.190,710.914,711.282,726.565,752.115,764.517,810.926,810.091,798.618,793.797,822.700,799.545,782.977,813.199,811.430,832.457,824.129,853.153,856.246,881.404,877.578,869.794,889.393,888.336,854.292,879.856,895.137,888.268,836.396,891.915,936.809,965.843,976.758,905.633,925.025,943.695,928.567,889.692,951.714,886.364,940.659,951.073,971.410,1.006.509,1.002.098,959.696,966.140,964.966,901.727,904.228,944.587,942.599,910.506,948.245,939.268,953.910,984.712,964.838,954.361,907.792,959.585,982.875,1.008.021,1.054.048,1.039.477,1.013.589,1.006.298,991.681,998.315,997.808,940.311,898.841,904.027,909.923,947.928,960.184,940.416,960.147,981.978,993.947,1.014.667,971.779,929.186,887.547,891.238,929.001,945.059,974.876,930.143,938.638,949.722,942.583,982.044,965.405,984.199,1.040.897,974.015,956.851,1.005.255,978.450,1.002.393,979.548,1.027.544,1.047.135,1.129.966,1.153.700,1.075.697,974.262,957.893,864.466,883.507,920.802,951.198,998.160,1.033.609,1.141.902,1.054.111,1.092.363,1.085.910,1.038.589,1.015.890,1.034.344,1.028.166,1.075.617,1.035.544,1.093.206,1.113.104,1.132.069,1.137.521,1.180.349,1.086.223,1.021.496,1.067.444,1.057.345,1.024.214,1.042.010,1.020.083,1.069.233,1.104.978,1.129.340,1.148.859,1.122.198,1.088.303
Rio Grande do Norte,268.614,233.951,257.966,264.505,258.762,263.985,249.243,262.303,265.269,276.664,293.826,300.458,286.726,281.224,284.826,289.516,294.998,275.820,292.472,292.479,295.852,302.205,311.057,328.161,292.111,298.099,317.715,296.291,296.686,304.076,299.123,315.092,313.562,334.814,335.095,330.993,328.903,322.914,324.153,328.843,320.781,319.902,316.110,323.798,329.406,338.813,348.304,352.101,344.022,346.277,344.927,325.614,323.292,314.179,317.615,317.902,336.388,350.269,355.174,366.086,350.083,327.442,339.349,334.110,319.921,316.696,316.432,336.579,349.858,365.008,375.054,396.747,365.312,343.086,386.626,382.585,373.048,383.436,369.121,359.858,372.353,389.256,396.046,402.604,371.810,373.878,382.208,377.555,361.614,367.707,360.942,368.216,380.644,400.217,412.770,420.419,403.529,383.212,405.331,393.003,414.540,397.312,388.388,400.210,407.125,412.881,427.926,436.602,432.387,417.708,432.488,442.376,435.433,422.653,408.287,435.163,427.795,451.630,452.917,457.309,457.425,444.420,465.407,450.059,462.255,424.962,441.893,447.757,450.226,468.354,477.528,475.334,476.314,459.276,465.932,454.406,470.344,460.108,436.790,440.534,447.152,461.981,466.736,477.028,461.199,439.684,461.166,463.977,461.676,455.703,455.191,462.449,471.179,478.086,486.808,491.418,473.720,460.764,475.026,466.269,480.071,469.402,439.747,447.785,462.042,476.251,475.865,498.469,496.448,461.626,482.261,461.048,446.750,453.723,438.544,465.124,478.975,501.759,516.316,499.833,504.901,484.333,481.420,451.083,474.869,468.974,462.536,467.479,470.227,503.111,507.230,512.444,511.867,476.077,490.671,448.785,440.327,424.875,442.741,458.019,485.122,502.056,482.090,475.494,535.677,507.088,510.391,502.849,465.583,484.080,486.327,489.419,498.197,506.332,519.893,532.188,526.677,474.401,512.084,490.148,484.236,447.842,452.552,460.495,483.489,491.535,509.076,517.322,515.262
Paraíba,236.449,226.289,242.215,235.364,234.299,236.512,235.539,233.748,245.146,253.094,253.953,258.616,261.436,246.418,260.804,262.054,256.928,245.077,247.286,254.729,258.094,266.632,273.756,267.609,269.455,265.296,270.570,272.795,273.338,270.754,257.342,270.998,269.281,281.008,292.429,285.814,281.295,270.344,284.553,283.947,287.147,273.878,272.817,277.560,273.632,297.417,305.978,303.794,307.173,299.397,297.464,296.192,299.701,293.089,292.872,298.491,300.087,312.840,315.201,309.038,309.739,288.272,305.587,305.565,302.783,295.444,303.923,311.900,305.026,327.555,327.031,331.668,330.804,320.908,359.119,354.954,349.533,343.712,340.840,335.658,340.524,355.771,370.926,378.304,346.337,337.034,374.291,356.034,354.137,335.990,337.515,342.297,346.426,367.518,377.157,381.925,379.984,355.758,392.404,385.558,385.107,370.656,371.232,384.265,371.687,388.234,385.780,399.357,421.347,411.644,420.365,425.105,407.030,390.927,401.000,398.371,396.309,409.000,410.373,418.829,444.699,435.755,437.397,426.212,443.345,407.147,414.269,402.128,415.717,423.306,432.384,421.002,442.275,444.521,449.463,441.425,430.672,415.013,405.013,421.405,435.654,432.781,439.685,421.635,430.324,418.811,441.530,436.467,427.548,424.316,429.311,415.382,439.668,436.770,443.648,445.429,463.293,414.222,462.956,437.615,435.732,435.713,410.456,422.984,414.297,442.214,456.772,454.409,476.007,442.043,458.712,443.056,438.020,426.784,431.978,443.854,432.360,466.866,480.610,466.491,489.002,457.358,466.568,470.543,480.250,444.184,445.115,433.352,443.848,474.596,483.570,498.275,496.091,495.738,487.190,441.137,441.061,389.368,429.711,441.804,459.410,493.957,512.327,510.082,507.812,492.509,504.484,491.720,471.318,456.774,471.037,473.641,477.189,500.605,503.352,530.933,494.879,462.939,512.194,485.073,487.156,446.240,452.921,455.183,469.368,480.110,497.048,507.007,505.675
Pernambuco,643.102,612.232,658.774,674.646,649.438,642.487,619.250,634.549,681.676,687.211,705.357,730.311,728.644,687.892,752.498,724.658,708.030,667.440,646.352,682.358,696.511,724.672,735.154,743.785,736.715,695.496,769.091,736.371,730.604,697.088,697.131,690.133,701.300,755.412,759.766,786.701,783.429,753.749,785.722,780.940,789.314,759.461,745.167,744.858,733.323,794.652,806.500,852.714,808.510,797.931,826.423,792.763,814.884,777.357,775.514,769.220,782.212,838.744,856.867,889.627,784.284,772.196,813.957,843.022,835.953,806.576,809.472,834.820,837.536,877.025,896.987,976.778,861.949,866.720,958.801,915.392,930.543,882.344,868.402,877.257,863.283,932.621,948.170,1.030.851,951.431,886.057,978.359,968.206,918.866,898.913,885.607,933.194,923.045,965.989,967.911,1.013.195,999.461,951.255,1.026.355,976.358,1.018.635,968.785,937.645,960.852,952.219,984.850,1.024.148,1.030.943,1.071.510,1.036.749,1.082.861,1.131.061,1.089.473,1.022.084,1.030.519,1.046.446,1.058.322,1.114.943,1.124.105,1.127.033,1.144.162,1.075.831,1.145.799,1.126.168,1.133.391,1.094.728,1.077.674,1.088.574,1.091.833,1.148.498,1.155.595,1.177.071,1.193.799,1.185.833,1.195.464,1.190.399,1.234.283,1.156.175,1.085.147,1.082.377,1.108.804,1.161.920,1.151.432,1.209.240,1.147.570,1.116.617,1.209.336,1.206.263,1.199.732,1.143.091,1.112.562,1.121.990,1.120.881,1.181.469,1.199.776,1.236.799,1.181.524,1.171.701,1.253.395,1.199.923,1.197.707,1.144.438,1.104.781,1.101.480,1.121.227,1.171.954,1.199.843,1.238.884,1.167.829,1.159.522,1.190.835,1.171.049,1.159.272,1.130.064,1.091.637,1.120.617,1.121.092,1.233.056,1.260.062,1.269.813,1.195.509,1.179.616,1.267.706,1.216.641,1.272.314,1.155.221,1.164.005,1.129.232,1.114.402,1.260.933,1.265.412,1.334.160,1.223.831,1.198.411,1.273.390,1.155.340,1.146.723,1.066.854,1.133.297,1.134.347,1.160.147,1.243.890,1.213.290,1.203.361,1.317.871,1.240.774,1.310.439,1.296.626,1.223.606,1.202.780,1.185.446,1.214.305,1.215.560,1.317.792,1.316.857,1.370.287,1.302.546,1.289.259,1.336.871,1.284.133,1.293.927,1.202.894,1.172.331,1.188.504,1.209.735,1.239.237,1.268.498,1.256.073,1.262.352
Alagoas,285.489,266.555,259.855,289.626,284.219,284.384,282.241,281.415,279.917,290.729,289.596,296.464,309.966,299.491,305.007,309.319,302.801,289.532,290.315,308.549,307.224,275.948,327.416,314.279,306.139,304.670,326.531,325.871,258.974,275.229,271.425,295.098,291.495,311.417,318.256,317.105,331.620,321.780,307.461,311.332,281.633,313.838,303.033,309.509,287.191,312.799,337.471,329.131,350.434,330.540,339.146,328.117,322.019,304.535,312.631,315.364,317.375,305.693,339.425,342.853,328.802,329.233,317.468,324.488,310.678,297.073,290.755,303.074,318.049,308.165,326.496,327.809,338.838,335.503,344.091,355.768,343.299,343.200,322.066,327.794,323.338,336.261,344.464,290.745,330.437,271.114,312.698,361.828,272.261,289.297,332.757,329.927,343.981,339.036,350.298,348.817,370.485,369.687,402.441,382.239,355.381,353.065,360.269,371.283,349.340,337.458,389.893,405.480,411.002,400.264,415.806,421.754,393.182,394.406,381.462,379.761,361.840,395.560,387.546,443.986,445.792,401.345,422.230,417.985,408.470,391.283,399.265,396.213,401.275,394.429,422.006,449.320,433.782,384.767,423.939,427.810,401.446,401.050,389.205,383.573,395.306,421.944,413.527,434.131,417.484,392.439,426.875,380.810,414.658,379.631,394.384,402.411,403.866,412.677,420.779,434.492,427.887,393.159,454.024,413.951,401.121,400.813,392.453,414.223,388.209,419.759,424.648,429.615,363.862,304.520,322.656,411.156,410.880,389.411,415.725,391.496,390.714,443.637,438.533,426.137,435.557,377.864,382.951,371.637,343.603,280.361,285.085,292.195,303.692,333.298,352.297,369.786,363.840,346.823,342.567,305.528,298.574,299.552,299.380,292.009,307.649,334.011,378.961,379.313,370.294,370.731,422.551,384.516,395.340,346.058,343.629,371.393,393.965,392.822,391.537,451.873,430.751,436.151,463.233,421.028,362.192,358.801,427.856,427.757,394.731,411.108,409.214,427.641,469.396
Sergipe,192.207,182.026,195.611,204.065,186.831,193.241,197.780,193.386,195.500,200.143,210.695,214.854,210.818,200.082,215.087,215.037,207.359,210.641,200.148,199.760,209.593,222.470,226.572,225.130,219.440,215.681,226.489,223.170,222.265,217.249,210.868,221.196,220.820,221.417,229.038,235.174,236.684,226.878,228.456,237.218,214.106,218.709,225.131,231.101,227.699,240.213,246.824,248.396,248.582,238.929,246.965,248.215,240.444,229.893,237.046,236.239,238.227,252.558,254.362,258.484,252.691,256.555,255.365,265.145,241.379,242.549,235.273,248.226,249.475,273.267,269.742,276.794,271.155,259.446,283.947,269.851,275.464,267.938,271.993,263.402,262.638,282.157,290.852,296.006,295.108,263.783,299.582,293.098,291.017,270.766,283.904,286.760,288.039,297.012,295.341,309.185,307.050,295.292,319.658,309.597,310.543,286.796,293.251,295.363,282.742,303.260,301.051,317.110,325.139,320.185,332.197,330.850,315.944,309.203,311.934,309.774,304.131,318.073,317.644,329.495,340.330,345.739,336.085,327.779,318.018,303.435,304.970,312.992,321.521,328.732,318.516,323.207,351.789,339.156,345.076,342.466,322.296,305.600,294.969,294.801,303.139,315.159,313.364,318.940,324.420,318.336,331.494,318.932,312.118,303.511,301.680,302.970,308.145,309.480,328.619,323.824,324.932,311.415,332.415,320.254,312.519,293.722,283.428,281.724,266.855,297.473,319.739,323.097,334.458,315.119,327.620,321.357,307.918,289.027,293.250,301.575,298.990,314.482,317.122,320.104,327.814,309.419,315.620,312.747,325.235,296.120,287.040,286.435,294.895,306.282,317.831,325.548,322.041,326.874,326.674,283.495,295.797,274.456,272.708,282.657,296.041,314.490,319.714,327.219,326.570,314.869,344.441,335.157,319.753,302.276,311.284,309.553,315.016,324.440,324.246,346.053,327.440,329.876,350.723,330.062,329.423,294.651,284.559,310.377,310.973,326.835,325.684,339.707,342.032
Bahia,1.444.451,1.344.184,1.393.925,1.419.046,1.436.199,1.424.739,1.434.807,1.420.587,1.457.222,1.473.943,1.495.174,1.503.810,1.520.662,1.442.667,1.439.331,1.478.858,1.520.020,1.447.071,1.514.701,1.501.307,1.505.433,1.520.260,1.512.474,1.526.994,1.543.146,1.470.255,1.563.546,1.494.711,1.509.378,1.482.738,1.479.518,1.544.337,1.540.716,1.569.502,1.550.968,1.514.806,1.582.825,1.447.740,1.506.431,1.574.007,1.611.848,1.582.049,1.635.476,1.634.423,1.637.484,1.723.005,1.721.054,1.719.455,1.752.197,1.659.685,1.662.199,1.693.110,1.791.863,1.677.496,1.689.346,1.718.424,1.732.150,1.799.295,1.670.664,1.593.667,1.542.315,1.548.413,1.737.341,1.634.487,1.520.184,1.540.346,1.613.806,1.695.018,1.739.886,1.780.992,1.666.847,1.830.503,1.716.692,1.726.367,1.928.878,1.753.813,1.826.508,1.818.018,1.777.545,1.747.253,1.781.629,1.840.274,1.813.748,1.810.381,1.757.892,1.594.763,1.824.507,1.730.107,1.788.288,1.712.753,1.753.737,1.809.286,1.748.654,1.772.267,1.710.019,1.757.126,1.810.031,1.715.223,1.899.074,1.825.842,1.903.593,1.714.476,1.762.030,1.828.341,1.837.674,1.876.163,1.811.417,1.827.496,1.935.486,1.868.881,1.997.132,2.066.218,1.961.571,1.803.275,1.970.520,1.900.552,1.889.354,2.014.150,1.973.543,1.941.005,2.032.130,1.962.083,2.070.030,2.075.100,2.057.781,1.962.626,2.050.954,2.064.288,2.086.052,2.146.426,2.146.305,2.091.206,2.086.184,2.012.149,2.120.682,2.077.300,2.069.074,1.955.895,1.895.443,1.925.103,1.894.250,2.011.883,2.012.012,2.089.121,2.005.205,1.912.580,2.144.824,2.003.056,2.052.299,1.988.551,1.897.586,1.939.835,1.955.652,1.989.559,2.012.128,2.044.139,2.080.948,1.927.898,2.103.181,2.018.858,2.065.446,2.039.102,1.977.197,1.980.862,1.928.949,2.104.314,2.050.618,2.054.081,2.094.037,2.000.892,2.075.772,2.098.356,2.100.433,2.053.311,2.048.945,2.090.199,2.018.558,2.165.218,2.209.672,2.136.709,2.174.959,2.122.425,2.299.391,2.145.127,2.249.369,2.083.294,2.097.965,2.007.274,1.996.431,2.209.882,2.220.144,2.313.488,2.220.479,2.126.195,2.175.761,1.996.945,1.965.224,1.935.090,2.053.477,1.953.519,2.078.040,2.251.744,1.996.711,2.072.111,2.308.678,2.174.670,2.222.090,2.229.400,2.116.261,2.133.413,2.131.956,2.107.448,2.078.646,2.263.470,2.215.323,2.217.221,2.127.313,2.088.175,2.252.574,2.192.506,2.245.892,2.175.250,2.181.531,2.177.446,2.152.900,2.220.865,2.293.707,2.134.905,2.159.138
Minas Gerais,3.732.811,3.582.370,3.605.412,3.668.629,3.692.795,3.769.021,3.739.869,3.803.149,3.895.352,3.885.073,4.019.478,3.914.812,3.824.588,3.749.509,3.686.302,3.952.141,3.770.817,3.717.822,3.711.710,3.919.031,4.037.670,3.843.654,3.891.791,3.887.556,3.708.988,3.696.700,3.621.787,3.808.440,3.740.285,3.848.372,3.777.481,3.858.994,3.944.752,3.829.095,3.958.583,3.773.495,4.040.359,3.981.488,3.917.893,4.158.376,4.175.550,4.134.851,4.049.422,4.171.542,4.253.615,4.221.229,4.334.405,4.191.547,3.910.849,3.648.135,3.973.471,3.852.696,4.100.530,4.163.045,4.161.299,4.273.051,4.261.035,4.261.176,4.321.299,3.732.483,3.550.614,3.387.650,3.462.360,3.694.956,3.641.730,3.646.282,3.651.841,3.956.382,3.986.793,4.000.667,4.105.075,4.007.135,4.076.332,4.038.372,4.113.813,4.273.730,4.206.896,4.298.603,4.267.568,4.407.727,4.477.944,4.438.271,4.386.766,4.326.835,4.431.243,4.304.659,4.338.168,4.448.708,4.398.160,4.490.762,4.473.325,4.589.082,4.671.256,4.553.910,4.517.981,4.393.456,4.290.700,4.344.385,4.483.034,4.537.603,4.374.497,4.444.059,4.369.614,4.521.364,4.591.928,4.606.163,4.634.519,4.209.191,4.490.111,4.194.013,4.231.557,4.453.607,4.492.794,4.525.377,4.389.860,4.670.642,4.681.220,4.579.565,4.720.019,4.470.119,4.557.459,4.749.168,4.315.704,4.517.861,4.508.094,4.492.649,4.457.843,4.525.439,4.452.441,4.579.315,4.689.444,4.327.218,4.490.376,4.590.877,4.307.555,4.463.241,4.307.340,4.318.478,4.234.924,4.403.513,4.433.693,4.504.864,4.533.536,4.228.408,4.301.269,4.340.956,4.303.480,4.667.026,4.538.198,4.641.623,4.402.989,4.549.837,4.715.825,4.618.801,4.619.249,4.402.963,4.444.519,4.528.533,4.444.535,4.645.866,4.420.911,4.550.751,4.452.092,4.487.171,4.585.259,4.461.929,4.759.310,4.459.525,4.716.736,4.551.118,4.688.540,4.771.308,4.637.059,4.611.537,4.661.888,4.800.722,4.727.227,4.907.743,4.787.557,4.610.335,4.834.921,4.627.721,4.691.697,4.613.125,4.676.585,4.562.745,4.604.423,4.653.787,4.648.203,4.687.749,4.793.789,4.501.612,4.708.762,4.585.063,4.667.380,4.332.063,4.348.680,4.265.841,4.541.211,4.832.244,4.701.370,5.240.759,4.857.918,4.694.335,5.109.304,4.734.987,5.061.234,5.087.760,5.026.528,4.994.939,4.985.130,5.107.976,5.116.228,5.200.978,4.998.164,4.950.736,4.956.470,4.643.783,4.923.261,5.122.030,5.182.129,4.855.575,4.913.603,5.015.926,4.888.349,5.300.689,5.017.501,5.058.390,5.052.957
Espírito Santo,607.655,583.260,599.525,583.307,586.401,571.593,585.852,589.390,598.051,609.692,604.979,614.381,631.197,598.997,638.275,634.949,629.676,628.664,622.957,636.704,645.069,652.504,641.411,645.853,657.080,669.632,700.442,669.347,661.887,652.583,642.794,689.824,672.782,669.620,669.217,667.105,695.639,677.737,721.907,726.746,715.984,677.187,670.610,697.445,677.804,704.127,751.833,727.315,727.416,693.553,712.044,712.944,749.627,733.014,732.777,751.894,750.252,776.778,693.222,568.682,552.533,587.741,643.515,630.070,568.841,628.850,706.460,718.540,706.689,752.251,717.707,757.054,792.152,805.964,798.245,790.249,768.770,765.113,755.833,735.415,782.492,788.196,772.124,831.500,836.939,835.409,860.493,820.935,805.575,786.254,797.325,810.375,802.058,784.101,791.770,836.329,790.622,816.871,911.314,855.676,842.103,846.190,833.471,839.709,800.835,830.865,855.751,836.625,917.588,870.642,890.742,888.607,883.565,843.569,830.160,888.651,813.601,875.198,899.785,890.301,912.823,938.153,936.516,902.306,893.521,884.650,876.534,902.608,883.056,948.349,929.947,916.695,1.012.049,965.446,991.973,945.709,909.766,875.898,881.198,892.164,878.520,936.899,863.046,862.263,807.264,893.867,926.756,900.365,857.446,754.158,758.488,746.928,797.596,806.660,792.870,794.011,863.229,844.460,873.491,848.699,812.069,792.786,733.724,767.689,785.964,819.991,837.325,805.656,859.595,842.803,932.746,840.530,820.372,790.173,805.174,857.231,829.081,856.164,876.846,889.237,897.114,929.909,967.886,884.074,900.083,840.801,795.169,836.493,853.045,841.267,867.730,849.231,816.332,842.430,886.189,772.442,766.205,755.059,787.971,812.456,864.449,852.072,846.478,911.065,937.187,863.495,899.993,865.261,871.202,884.023,869.763,853.938,888.787,935.818,854.373,862.080,866.795,877.036,1.004.261,936.969,948.622,847.783,825.605,890.855,888.377,892.972,892.076,854.790,896.489
Rio de Janeiro,2.612.753,2.630.034,2.582.061,2.626.340,2.530.945,2.366.320,2.466.119,2.407.958,2.494.812,2.567.500,2.572.550,2.677.811,2.757.858,2.588.172,2.658.664,2.854.589,2.668.163,2.640.653,2.544.682,2.593.486,2.780.128,2.637.308,2.714.012,2.789.956,2.688.250,2.868.409,2.769.130,2.816.916,2.646.725,2.480.632,2.647.172,2.648.541,2.561.063,2.675.694,2.751.919,2.839.135,2.842.070,2.747.046,3.138.732,3.048.772,2.783.099,2.548.962,2.518.461,2.604.039,2.706.574,2.697.345,2.811.192,2.804.883,3.031.344,2.835.148,2.930.457,2.908.052,2.860.706,2.623.702,2.683.517,2.754.181,2.723.433,2.818.813,2.870.700,2.682.604,2.806.552,2.843.791,3.033.619,2.802.093,2.662.822,2.513.134,2.609.791,2.524.642,2.680.420,2.783.854,2.927.367,3.122.783,3.151.953,3.139.591,3.168.627,3.048.699,2.934.284,2.800.016,2.749.060,2.800.297,2.877.657,2.989.601,2.899.863,3.241.549,3.426.819,3.374.945,3.332.754,3.178.616,3.093.268,2.800.369,2.798.556,2.927.856,2.970.902,2.995.310,3.031.056,3.077.474,3.173.443,3.264.757,3.471.911,3.252.302,3.132.865,2.956.888,2.974.900,3.061.913,3.031.541,3.129.584,3.313.146,3.286.284,3.562.551,3.343.786,3.507.903,3.326.802,3.210.906,3.134.274,3.101.801,3.109.526,3.120.243,3.301.665,3.346.144,3.403.576,3.713.671,3.938.200,3.811.016,3.480.776,3.283.653,3.180.966,3.078.482,2.962.505,3.146.616,3.398.400,3.456.686,3.482.597,3.959.162,3.806.013,3.819.183,3.535.738,3.326.824,3.171.546,3.101.487,3.204.603,3.093.499,3.330.141,3.398.824,3.381.919,3.727.730,3.524.041,3.600.512,3.642.531,3.327.946,3.024.188,2.930.817,3.105.100,3.153.057,3.235.421,3.262.119,3.369.977,3.708.165,3.587.151,3.797.915,3.285.943,3.134.241,2.966.468,2.870.511,2.928.953,2.864.156,3.185.710,3.215.200,3.337.756,3.614.646,3.368.689,3.741.055,3.625.512,3.321.234,3.067.867,3.056.282,3.069.855,2.972.128,3.285.041,3.192.128,3.384.893,3.799.433,3.535.568,3.649.936,3.309.926,3.378.074,3.020.416,2.930.184,2.956.017,2.969.825,3.163.291,3.347.956,3.182.884,3.563.646,3.467.969,3.457.626,2.910.749,2.811.955,2.739.827,2.845.925,2.960.416,3.112.447,3.393.963,3.254.219,3.599.915,3.511.321,3.452.740,3.583.540,3.404.423,3.097.000,2.974.093,2.844.570,2.916.072,3.106.544,3.077.992,3.061.526,3.216.642,3.296.394,3.572.266,3.683.610,3.487.074,3.149.144,2.889.499,2.894.466,2.982.073,2.870.937,2.969.856,3.051.253,3.250.770,3.188.016
São Paulo,7.976.305,7.919.050,8.116.798,8.623.047,8.096.488,8.191.582,8.302.446,8.389.078,8.605.471,8.777.613,8.607.787,8.543.644,8.304.845,8.220.377,8.533.407,8.862.729,8.513.307,8.646.728,8.629.769,8.689.295,8.929.122,8.941.382,8.842.229,8.793.529,8.641.302,8.944.077,9.181.858,9.199.515,8.836.937,8.988.295,8.914.260,9.154.712,9.255.669,9.278.988,9.342.905,9.409.914,9.121.802,9.209.088,9.510.010,9.827.478,9.615.895,9.529.489,9.351.049,9.497.706,9.947.517,9.865.949,10.085.835,9.897.567,9.488.024,9.911.891,9.677.959,9.811.222,9.866.399,9.660.684,9.874.403,10.204.766,10.134.297,10.375.220,10.278.890,9.676.080,9.214.649,9.371.351,9.792.071,9.900.411,9.626.758,9.541.853,9.687.787,9.958.879,10.143.086,10.321.748,10.308.778,10.314.990,9.663.701,10.129.496,10.441.231,10.712.444,10.330.242,10.348.972,10.164.016,10.713.193,10.842.141,10.602.030,10.650.754,10.906.375,10.552.693,10.703.256,10.859.434,10.920.772,10.611.977,10.660.149,10.662.422,10.921.830,11.309.407,11.051.807,11.037.897,10.990.541,10.660.653,10.913.915,11.364.583,11.650.105,10.895.073,11.095.936,10.584.206,10.970.145,11.480.038,11.271.363,11.682.165,11.174.076,11.119.636,11.367.043,11.277.016,11.428.432,11.324.556,11.149.435,11.009.688,11.169.268,11.412.271,11.569.135,11.800.025,11.617.828,11.520.387,12.137.492,11.719.364,11.550.632,11.382.926,10.734.862,10.698.491,11.047.754,11.046.894,11.378.892,11.892.033,11.372.078,11.481.676,11.507.491,11.031.343,11.270.450,10.752.522,10.386.669,10.315.312,10.584.714,10.513.696,11.042.642,11.041.426,10.886.792,10.477.738,10.736.196,10.780.606,11.310.303,10.579.537,10.231.620,10.296.693,10.309.737,10.572.897,10.486.686,10.687.240,10.701.418,10.670.245,10.623.763,11.056.750,11.097.089,10.518.038,10.549.509,10.436.004,10.318.004,11.114.087,10.974.953,11.103.566,11.145.069,10.887.387,10.926.989,11.490.612,11.495.436,10.957.759,10.709.583,10.749.435,10.650.379,11.071.282,11.061.221,11.297.898,11.137.050,11.434.470,11.491.323,11.316.811,11.020.534,11.232.260,10.556.818,10.369.812,10.453.847,10.820.949,11.478.578,11.613.564,11.059.424,11.068.762,11.098.978,11.209.897,10.049.425,9.451.275,9.555.174,10.206.009,10.719.592,11.106.811,11.737.613,11.418.748,11.602.166,11.939.883,11.511.041,12.444.223,11.704.463,10.958.864,10.898.786,10.828.769,10.922.858,11.552.700,11.581.096,11.322.958,11.694.462,11.401.892,11.344.153,12.021.102,12.117.308,11.459.335,11.121.389,11.259.600,11.434.393,11.516.729,11.324.524,11.573.625,11.706.580,11.285.347
Paraná,1.596.274,1.635.576,1.656.644,1.691.910,1.656.609,1.621.652,1.621.327,1.658.482,1.696.237,1.669.723,1.684.956,1.683.515,1.636.131,1.673.423,1.723.700,1.791.901,1.712.426,1.698.767,1.666.264,1.696.738,1.702.889,1.702.748,1.735.833,1.734.921,1.750.081,1.774.676,1.765.044,1.799.544,1.733.139,1.749.989,1.739.522,1.805.138,1.750.717,1.771.832,1.837.187,1.796.792,1.773.870,1.824.654,1.847.893,1.901.519,1.836.409,1.817.184,1.801.200,1.866.616,1.881.115,1.933.111,1.928.311,1.919.298,1.909.381,1.941.214,2.012.508,2.013.054,1.903.886,1.954.415,1.939.921,1.983.061,1.998.583,1.991.120,2.010.478,1.953.644,1.875.844,1.924.896,2.049.129,2.062.760,1.877.317,1.957.259,1.954.059,1.998.447,2.007.916,2.022.153,2.068.548,2.105.564,2.058.913,2.147.314,2.141.351,2.160.529,2.065.597,2.075.374,2.073.941,2.118.638,2.153.171,2.095.805,2.108.976,2.155.750,2.140.007,2.233.949,2.213.496,2.211.843,2.276.314,2.165.004,2.186.187,2.220.802,2.272.776,2.244.449,2.184.000,2.205.573,2.230.287,2.331.386,2.374.938,2.361.518,2.219.405,2.229.694,2.219.518,2.304.230,2.355.372,2.312.553,2.421.206,2.430.170,2.308.359,2.420.953,2.407.779,2.383.390,2.373.965,2.387.988,2.358.950,2.461.365,2.462.263,2.437.738,2.502.600,2.523.749,2.458.363,2.735.042,2.523.758,2.564.776,2.411.518,2.451.886,2.391.559,2.500.353,2.520.244,2.529.279,2.683.095,2.617.083,2.554.074,2.680.958,2.526.254,2.569.563,2.422.206,2.394.799,2.384.649,2.437.625,2.436.549,2.482.649,2.495.992,2.475.701,2.413.369,2.591.841,2.545.458,2.648.077,2.487.965,2.395.877,2.393.107,2.384.020,2.384.015,2.371.817,2.488.770,2.493.576,2.517.644,2.621.159,2.705.932,2.685.501,2.449.021,2.484.285,2.443.807,2.525.365,2.577.527,2.567.293,2.553.567,2.594.442,2.597.922,2.641.220,2.774.410,2.799.803,2.588.554,2.529.852,2.599.183,2.648.911,2.580.035,2.659.986,2.666.667,2.733.270,2.823.330,2.846.535,2.776.860,2.763.993,2.711.984,2.649.566,2.685.274,2.661.877,2.642.202,2.814.967,2.829.198,2.718.845,2.784.092,2.876.365,2.870.451,2.588.181,2.538.501,2.494.407,2.587.340,2.652.282,2.742.618,2.906.001,2.880.130,2.946.795,2.954.565,2.844.204,3.026.016,2.963.863,2.814.562,2.734.026,2.761.629,2.844.409,2.817.034,2.894.959,2.882.110,2.981.306,3.068.278,3.121.400,3.238.452,2.966.774,2.914.616,2.860.979,2.866.398,2.913.318,2.863.953,2.852.702,2.865.578,2.937.495,3.051.597
Santa Catarina,1.132.926,1.230.305,1.300.746,1.215.161,1.223.450,1.160.113,1.195.778,1.212.734,1.190.301,1.192.551,1.222.755,1.221.423,1.214.279,1.294.828,1.321.789,1.325.592,1.263.148,1.253.765,1.254.671,1.256.272,1.220.738,1.244.189,1.246.288,1.275.985,1.238.642,1.360.619,1.419.444,1.334.745,1.242.692,1.290.830,1.290.986,1.302.916,1.303.078,1.286.743,1.346.842,1.306.779,1.362.163,1.437.507,1.469.772,1.447.152,1.404.096,1.380.165,1.366.450,1.393.202,1.393.442,1.393.953,1.434.154,1.397.757,1.389.360,1.528.402,1.534.687,1.491.938,1.470.604,1.414.275,1.455.747,1.502.269,1.455.077,1.480.680,1.475.054,1.383.996,1.359.582,1.449.885,1.515.326,1.481.664,1.414.260,1.363.586,1.384.008,1.391.198,1.384.063,1.432.272,1.508.486,1.495.813,1.516.949,1.530.630,1.686.436,1.579.814,1.537.491,1.482.943,1.491.915,1.505.932,1.511.406,1.468.780,1.523.168,1.514.461,1.677.012,1.760.373,1.775.367,1.687.268,1.651.681,1.649.741,1.653.418,1.679.848,1.668.117,1.693.720,1.675.144,1.714.150,1.701.910,1.887.111,2.003.586,1.815.185,1.809.555,1.717.361,1.740.870,1.782.659,1.740.005,1.760.339,1.803.694,1.826.643,1.844.293,1.936.567,1.939.715,1.837.255,1.857.522,1.816.725,1.867.777,1.866.410,1.764.130,1.897.175,1.922.278,1.857.726,2.055.710,2.236.666,2.075.903,1.947.688,1.951.855,1.838.916,1.869.696,1.918.648,1.869.948,1.978.089,2.055.521,1.995.312,2.057.739,2.171.981,2.041.595,2.036.834,1.891.662,1.860.777,1.771.310,1.876.764,1.800.934,1.847.035,1.881.123,1.810.973,1.980.442,2.081.694,2.018.153,2.111.424,1.933.793,1.865.378,1.887.575,1.888.309,1.892.943,1.856.306,1.918.403,1.872.287,2.106.360,2.192.944,2.282.849,2.016.226,1.894.207,1.945.023,1.937.357,1.984.645,1.991.061,1.982.726,2.019.396,1.991.491,2.115.003,2.207.483,2.212.760,2.152.421,2.067.675,1.983.291,2.004.848,2.013.144,1.999.159,2.046.060,2.075.636,2.057.989,2.366.933,2.428.999,2.264.792,2.198.896,2.148.279,2.018.530,2.020.747,2.090.980,2.055.544,2.143.028,2.206.722,2.127.308,2.358.136,2.447.664,2.268.807,2.040.335,1.921.807,1.935.098,2.072.794,2.095.289,2.204.852,2.254.612,2.282.239,2.333.257,2.328.408,2.389.290,2.532.556,2.454.124,2.249.071,2.213.765,2.281.867,2.308.017,2.259.320,2.243.841,2.300.041,2.324.239,2.548.902,2.587.953,2.687.462,2.395.583,2.323.248,2.312.350,2.304.649,2.328.345,2.287.205,2.293.928,2.323.901,2.377.771,2.488.655
Rio Grande do Sul,1.780.912,1.824.346,1.941.381,1.966.240,1.842.968,1.774.799,1.781.688,1.781.966,1.767.873,1.728.423,1.621.709,1.760.276,1.959.007,1.998.335,2.024.384,1.879.515,1.824.247,1.807.791,1.803.627,1.790.650,1.730.505,1.721.825,1.766.222,1.937.837,1.938.877,2.051.928,2.027.021,1.928.254,1.831.311,1.838.966,1.816.865,1.849.907,1.787.707,1.793.809,1.859.920,1.971.304,2.067.396,2.089.776,2.106.394,2.055.988,1.979.336,1.917.258,1.889.248,1.934.827,1.883.284,1.913.330,1.932.445,2.016.108,2.192.337,2.219.931,2.176.639,2.099.352,2.007.848,1.999.591,2.023.359,2.034.853,1.959.089,2.009.662,1.955.553,2.028.391,2.044.046,2.090.359,2.178.157,2.127.132,1.974.863,1.940.198,1.976.978,2.002.543,1.970.645,1.986.525,2.014.782,2.138.006,2.222.844,2.301.403,2.372.198,2.241.920,2.127.813,2.094.302,2.141.084,2.130.929,2.046.986,2.063.721,2.126.412,2.359.020,2.468.114,2.510.085,2.447.083,2.284.122,2.219.989,2.196.426,2.242.206,2.276.926,2.192.972,2.180.545,2.186.602,2.424.478,2.421.080,2.594.285,2.647.592,2.358.278,2.112.787,2.233.066,2.228.516,2.304.592,2.244.852,2.178.926,2.318.992,2.468.466,2.464.451,2.595.215,2.486.459,2.351.478,2.382.185,2.293.653,2.317.427,2.469.443,2.346.568,2.319.961,2.424.648,2.504.511,2.819.014,3.047.886,2.682.263,2.495.016,2.431.557,2.336.413,2.378.705,2.453.773,2.397.223,2.415.336,2.526.220,2.654.190,2.718.925,2.812.330,2.711.005,2.629.655,2.369.742,2.312.310,2.290.581,2.334.155,2.256.526,2.231.655,2.259.581,2.318.117,2.584.580,2.733.443,2.696.377,2.566.666,2.437.728,2.382.881,2.384.758,2.337.468,2.310.765,2.224.263,2.283.125,2.579.006,2.683.442,2.706.643,2.856.376,2.574.112,2.347.968,2.375.668,2.369.975,2.370.089,2.412.650,2.328.031,2.359.705,2.542.695,2.813.700,2.722.823,2.784.789,2.575.169,2.534.038,2.387.730,2.445.925,2.479.534,2.376.143,2.381.209,2.431.205,2.485.724,2.810.372,2.855.562,2.725.776,2.507.997,2.514.619,2.390.237,2.375.164,2.417.116,2.334.206,2.388.739,2.484.910,2.620.850,2.838.248,2.796.167,2.811.156,2.452.791,2.211.862,2.136.855,2.319.296,2.362.433,2.316.033,2.358.808,2.454.481,2.562.842,2.834.286,2.738.598,2.699.319,2.696.947,2.516.268,2.382.672,2.428.788,2.459.379,2.272.740,2.308.306,2.429.303,2.590.764,2.901.066,2.851.326,2.862.744,2.561.224,2.313.376,2.435.787,2.474.360,2.406.259,2.401.787,2.285.459,2.408.376,2.710.954,2.775.887
Mato Grosso do Sul,272.917,270.613,278.721,290.653,267.345,251.957,251.232,270.453,270.628,278.832,272.868,286.731,284.291,267.509,300.899,307.086,290.130,269.369,260.204,260.891,273.154,270.466,278.946,283.976,279.926,282.431,290.347,295.096,266.610,260.415,265.043,276.585,272.469,282.905,295.569,300.344,290.614,288.539,304.444,316.217,293.543,266.893,273.659,273.494,292.190,307.795,304.412,312.955,288.472,295.967,304.564,304.043,298.123,276.653,280.341,307.576,315.694,310.451,334.177,322.680,306.892,310.382,331.479,353.834,332.116,293.793,286.498,294.135,305.141,314.098,332.726,345.613,327.164,331.736,348.662,358.592,328.538,304.394,318.249,322.370,345.193,336.921,336.978,358.510,352.957,352.051,363.169,372.480,356.284,327.596,329.247,352.590,367.021,366.337,371.182,391.250,383.280,385.445,404.147,390.820,369.896,350.709,345.833,378.165,399.344,408.924,434.131,443.258,429.745,429.336,434.796,427.766,414.597,402.230,383.320,410.815,413.887,428.395,457.463,465.456,452.981,463.726,451.119,449.650,425.993,393.056,401.400,421.328,447.608,478.585,488.993,470.924,486.630,477.913,473.577,465.487,423.792,399.567,394.509,403.744,441.157,459.752,466.835,444.863,448.502,461.606,468.871,480.899,432.614,388.727,384.434,416.066,416.888,435.807,455.027,456.702,479.908,468.162,513.131,473.843,440.353,426.459,405.929,445.436,476.137,482.407,481.266,476.289,493.202,486.457,514.369,527.987,498.362,433.948,441.261,456.399,430.360,488.242,498.021,496.349,546.145,558.347,523.158,512.854,506.661,454.805,455.606,469.433,497.620,529.217,553.856,534.368,525.225,557.531,570.017,523.703,482.955,442.767,463.641,510.784,538.896,566.296,525.312,563.671,557.997,517.316,563.738,575.988,510.357,488.699,467.459,483.553,542.711,543.038,531.198,559.318,573.050,555.124,606.479,548.453,504.037,454.668,479.698,511.536,502.064,514.717,518.192,533.021,544.018
Mato Grosso,292.173,296.942,332.887,353.040,328.934,328.386,353.611,344.131,364.076,362.465,346.870,344.088,311.956,332.028,370.910,376.985,366.866,369.296,371.867,362.958,381.700,364.610,359.360,352.508,322.865,352.411,372.388,369.401,338.953,353.588,369.395,383.804,392.504,386.879,384.120,372.736,351.185,374.711,403.350,415.005,399.434,380.684,405.480,410.786,428.512,444.506,409.820,391.390,374.025,389.138,419.658,420.074,409.064,422.938,445.126,465.079,493.247,480.072,468.569,437.229,414.707,433.016,469.019,458.657,462.282,445.551,478.149,481.843,492.861,497.431,462.377,444.430,440.422,435.924,505.026,483.219,485.674,476.234,494.398,476.471,510.736,525.271,485.645,466.670,444.178,449.033,521.621,510.308,515.724,502.477,513.949,551.716,584.578,585.531,553.710,545.194,483.515,511.362,558.428,550.194,560.115,539.218,578.595,596.089,610.653,652.960,615.788,581.115,568.878,560.792,614.170,618.854,611.224,615.673,650.483,646.416,637.021,685.951,659.978,640.158,570.275,596.780,635.288,653.297,667.553,640.633,668.149,694.329,729.305,774.300,726.365,669.071,619.885,634.099,666.828,665.591,640.416,654.879,661.650,687.261,739.218,744.850,705.889,691.676,623.158,656.234,692.601,708.787,661.121,650.785,659.836,702.379,688.823,686.056,667.997,630.231,628.327,657.465,706.312,698.378,709.430,713.467,693.316,727.634,814.280,778.714,735.574,712.264,671.486,692.542,742.591,711.946,740.430,679.850,732.468,737.808,787.126,817.027,789.604,738.775,731.321,741.401,761.092,757.312,770.619,748.312,777.471,795.044,876.336,859.615,832.512,807.017,754.832,797.215,806.475,768.116,764.911,724.104,798.765,800.466,866.831,947.158,904.893,866.206,749.462,791.542,827.516,758.897,771.687,805.581,775.536,827.059,912.264,905.861,823.230,821.405,768.707,749.862,831.955,821.178,818.620,813.561,828.629,875.856,905.676,886.343,836.811,848.255,750.251
Goiás,630.624,602.529,622.783,644.083,654.000,687.091,688.157,716.152,750.537,746.583,649.537,658.676,651.986,646.490,650.791,706.733,692.305,687.208,751.590,752.016,764.606,752.865,742.612,672.949,678.990,684.591,685.899,701.304,712.579,729.131,735.546,772.086,754.546,758.927,701.108,700.697,773.375,702.031,720.266,779.097,777.485,750.637,749.426,783.267,762.023,798.866,756.981,707.190,754.671,754.858,732.629,773.211,852.742,861.184,822.396,867.613,872.903,893.554,891.862,791.294,793.157,785.804,809.247,864.139,840.588,841.950,883.904,925.403,912.528,931.116,882.384,833.402,847.510,863.947,843.703,889.239,913.241,946.712,906.370,974.742,974.159,952.986,907.340,885.328,853.675,878.659,907.755,928.491,966.725,975.965,974.878,1.008.945,1.101.521,1.088.673,1.018.527,1.002.578,1.025.242,1.035.071,1.050.279,1.072.537,1.107.078,1.073.841,1.036.234,1.088.425,1.135.062,1.171.214,1.108.416,1.100.979,1.072.872,1.040.568,1.040.502,1.089.181,1.137.267,1.113.945,1.142.143,1.222.289,1.209.575,1.189.569,1.213.001,1.143.694,1.141.475,1.162.140,1.100.124,1.199.725,1.188.560,1.205.474,1.133.456,1.244.282,1.277.995,1.263.521,1.220.459,1.100.654,1.188.182,1.265.098,1.113.503,1.151.692,1.238.878,1.218.863,1.204.974,1.265.809,1.338.502,1.419.854,1.378.815,1.246.622,1.220.168,1.203.566,1.210.772,1.326.184,1.263.420,1.258.904,1.269.895,1.273.859,1.309.766,1.302.076,1.267.800,1.172.245,1.264.790,1.193.990,1.226.113,1.291.813,1.296.381,1.292.482,1.270.414,1.275.682,1.366.668,1.324.609,1.347.522,1.216.151,1.241.869,1.210.057,1.276.484,1.318.174,1.263.527,1.316.031,1.345.905,1.449.005,1.402.386,1.451.999,1.344.431,1.404.295,1.351.944,1.361.448,1.311.973,1.300.305,1.360.497,1.337.363,1.351.422,1.370.534,1.462.048,1.510.878,1.432.741,1.351.972,1.359.705,1.335.387,1.331.067,1.327.203,1.321.665,1.310.534,1.338.282,1.425.546,1.469.361,1.575.476,1.444.323,1.465.462,1.355.766,1.352.800,1.373.967,1.415.077,1.422.652,1.479.914,1.417.019,1.397.758,1.557.674,1.594.169,1.476.136,1.481.525,1.385.565,1.378.542,1.394.521,1.487.294,1.494.220,1.471.586,1.476.350,1.482.117,1.555.197,1.561.112,1.552.338,1.524.159,1.430.775
Distrito Federal,311.459,285.928,300.453,322.911,315.509,309.763,318.750,314.954,341.926,355.620,335.532,345.619,336.585,323.651,327.711,335.980,323.056,338.616,342.279,341.207,353.607,368.043,361.835,350.343,334.796,347.621,347.387,375.398,366.130,344.552,341.656,352.387,384.076,367.571,379.447,368.600,362.695,355.954,366.255,403.580,379.917,384.551,380.616,384.549,397.029,408.005,406.806,401.119,394.358,391.638,377.687,410.550,410.493,411.509,398.730,402.148,426.276,440.025,443.070,414.038,425.842,407.421,420.335,440.203,430.511,426.395,424.463,434.027,455.745,461.821,450.349,468.621,457.229,439.139,471.306,457.370,463.360,472.832,446.845,465.949,484.181,478.401,481.463,484.131,485.752,476.577,468.586,499.558,508.086,472.184,497.642,496.002,512.108,507.069,493.587,500.796,477.702,483.735,505.887,518.193,520.282,523.866,495.934,518.227,528.131,539.644,550.607,519.158,536.145,528.037,527.417,534.635,541.890,510.766,548.897,558.293,556.038,551.514,573.042,566.765,590.201,550.362,548.155,545.151,564.523,545.413,535.941,569.003,565.359,601.008,600.090,557.150,563.154,552.325,525.067,544.580,547.046,541.127,526.719,542.474,559.449,591.717,586.975,567.368,547.391,517.258,545.403,571.009,544.939,541.398,522.116,528.651,559.520,546.122,539.409,547.451,528.225,518.055,497.709,530.581,525.176,533.665,503.047,490.296,524.151,511.668,543.108,504.516,515.061,516.047,498.281,531.860,511.466,512.946,486.942,508.997,538.286,557.177,539.795,502.807,522.500,544.833,507.842,513.168,537.185,517.068,488.000,509.917,530.797,546.755,580.425,516.891,534.565,515.119,514.340,506.490,490.996,465.894,480.029,513.624,520.167,565.608,544.432,518.259,522.106,510.621,512.901,538.323,518.947,534.134,501.521,531.618,563.586,568.608,544.758,559.551,524.024,513.025,539.166,549.345,536.233,539.227,512.310,533.414,569.643,544.746,600.719,548.748,521.854