Empresa de Pesquisa Energética - EPE,,,,,,,,,,,,,
Consumo de energia elétrica na rede (MWh),,,,,,,,,,,,,
Sistema SIMPLES,,,,,,,,,,,,,
,,,,,,,,,,,,,
,2023*,,,,,,,,,,,,
,JAN,FEV,MAR,ABR,MAI,JUN,JUL,AGO,SET,OUT,NOV,DEZ,ANO
TOTAL BRASIL,  42.813.160 ,  42.897.153 ,  -   ,  -   ,  -   ,  -   ,  -   ,  -   ,  -   ,  -   ,  -   ,  -   ,  85.710.313 
REGIÃO GEOGRÁFICA,,,,,,,,,,,,,
Norte,  3.178.215 ,  2.962.136 ,  -   ,  -   ,  -   ,  -   ,  -   ,  -   ,  -   ,  -   ,  -   ,  -   ,  6.140.351 
Nordeste,  7.649.099 ,  7.491.621 ,  -   ,  -   ,  -   ,  -   ,  -   ,  -   ,  -   ,  -   ,  -   ,  -   ,  15.140.720 
Sudeste,  20.422.809 ,  20.584.858 ,  -   ,  -   ,  -   ,  -   ,  -   ,  -   ,  -   ,  -   ,  -   ,  -   ,  41.007.667 
Sul,  8.316.139 ,  8.622.232 ,  -   ,  -   ,  -   ,  -   ,  -   ,  -   ,  -   ,  -   ,  -   ,  -   ,  16.938.371 
Centro-Oeste,  3.246.899 ,  3.236.306 ,  -   ,  -   ,  -   ,  -   ,  -   ,  -   ,  -   ,  -   ,  -   ,  -   ,  6.483.205 
SUBSISTEMA ELÉTRICO,,,,,,,,,,,,,
Sistemas Isolados,  236.778 ,  224.415 ,  -   ,  -   ,  -   ,  -   ,  -   ,  -   ,  -   ,  -   ,  -   ,  -   ,  461.194 
Norte,  3.571.001 ,  3.364.943 ,  -   ,  -   ,  -   ,  -   ,  -   ,  -   ,  -   ,  -   ,  -   ,  -   ,  6.935.944 
Nordeste,  6.659.377 ,  6.523.348 ,  -   ,  -   ,  -   ,  -   ,  -   ,  -   ,  -   ,  -   ,  -   ,  -   ,  13.182.725 
Sudeste/C.Oeste,  24.029.865 ,  24.162.215 ,  -   ,  -   ,  -   ,  -   ,  -   ,  -   ,  -   ,  -   ,  -   ,  -   ,  48.192.080 
Sul,  8.316.139 ,  8.622.232 ,  -   ,  -   ,  -   ,  -   ,  -   ,  -   ,  -   ,  -   ,  -   ,  -   ,  16.938.371 
*Dados preliminares (última atualização: 20/3/2023),,,,,,,,,,,,,
,2022,,,,,,,,,,,,
,JAN,FEV,MAR,ABR,MAI,JUN,JUL,AGO,SET,OUT,NOV,DEZ,ANO
TOTAL BRASIL,  42.591.108 ,  41.977.417 ,  44.269.085 ,  43.140.647 ,  42.014.108 ,  40.746.815 ,  41.198.550 ,  42.098.359 ,  42.051.557 ,  42.490.491 ,  42.776.621 ,  43.353.338 ,  508.708.094 
REGIÃO GEOGRÁFICA,,,,,,,,,,,,,
Norte,  3.034.426 ,  2.774.464 ,  3.004.003 ,  2.935.490 ,  3.097.713 ,  3.119.389 ,  3.253.791 ,  3.417.385 ,  3.380.235 ,  3.421.165 ,  3.344.994 ,  3.309.712 ,  38.092.767 
Nordeste,  7.265.539 ,  7.008.483 ,  7.472.068 ,  7.211.923 ,  7.272.816 ,  7.025.023 ,  7.109.090 ,  7.306.881 ,  7.421.404 ,  7.642.277 ,  7.791.257 ,  7.692.695 ,  88.219.456 
Sudeste,  20.521.550 ,  20.437.238 ,  21.632.235 ,  21.663.382 ,  20.739.229 ,  19.714.246 ,  19.893.274 ,  20.323.248 ,  20.164.391 ,  20.488.041 ,  20.534.455 ,  20.870.529 ,  246.981.819 
Sul,  8.518.246 ,  8.560.678 ,  8.788.658 ,  7.923.582 ,  7.551.241 ,  7.609.115 ,  7.645.407 ,  7.647.922 ,  7.552.946 ,  7.432.089 ,  7.597.856 ,  8.026.220 ,  94.853.958 
Centro-Oeste,  3.251.347 ,  3.196.553 ,  3.372.121 ,  3.406.271 ,  3.353.110 ,  3.279.042 ,  3.296.987 ,  3.402.924 ,  3.532.580 ,  3.506.918 ,  3.508.059 ,  3.454.182 ,  40.560.094 
SUBSISTEMA ELÉTRICO,,,,,,,,,,,,,
Sistemas Isolados,  243.759 ,  231.777 ,  241.320 ,  237.653 ,  233.490 ,  228.225 ,  234.923 ,  256.680 ,  260.440 ,  269.335 ,  259.233 ,  245.171 ,  2.942.006 
Norte,  3.105.334 ,  2.836.965 ,  3.073.167 ,  2.998.583 ,  3.213.676 ,  3.272.442 ,  3.433.840 ,  3.652.429 ,  3.647.981 ,  3.719.818 ,  3.695.563 ,  3.699.983 ,  40.349.783 
Nordeste,  6.603.503 ,  6.391.654 ,  6.804.457 ,  6.563.004 ,  6.549.091 ,  6.292.437 ,  6.323.582 ,  6.423.306 ,  6.498.826 ,  6.671.748 ,  6.799.997 ,  6.658.784 ,  78.580.390 
Sudeste/C.Oeste,  24.120.266 ,  23.956.342 ,  25.361.482 ,  25.417.825 ,  24.466.611 ,  23.344.596 ,  23.560.797 ,  24.118.023 ,  24.091.364 ,  24.397.501 ,  24.423.972 ,  24.723.179 ,  291.981.957 
Sul,  8.518.246 ,  8.560.678 ,  8.788.658 ,  7.923.582 ,  7.551.241 ,  7.609.115 ,  7.645.407 ,  7.647.922 ,  7.552.946 ,  7.432.089 ,  7.597.856 ,  8.026.220 ,  94.853.958 
,,,,,,,,,,,,,
,2021,,,,,,,,,,,,
,JAN,FEV,MAR,ABR,MAI,JUN,JUL,AGO,SET,OUT,NOV,DEZ,ANO
TOTAL BRASIL,  43.093.328 ,  41.507.063 ,  43.661.452 ,  42.657.442 ,  40.784.638 ,  40.428.923 ,  40.190.502 ,  40.908.016 ,  41.952.552 ,  42.596.651 ,  41.869.276 ,  42.915.951 ,  502.565.793 
REGIÃO GEOGRÁFICA,,,,,,,,,,,,,
Norte,  2.873.241 ,  2.756.767 ,  2.891.451 ,  2.986.818 ,  3.053.069 ,  3.043.949 ,  3.034.193 ,  3.144.878 ,  3.172.368 ,  3.201.778 ,  3.161.073 ,  3.159.175 ,  36.478.760 
Nordeste,  7.419.803 ,  7.043.661 ,  7.244.997 ,  7.205.498 ,  6.974.430 ,  6.994.342 ,  6.994.258 ,  7.110.502 ,  7.190.596 ,  7.540.206 ,  7.484.406 ,  7.714.748 ,  86.917.447 
Sudeste,  21.497.695 ,  20.562.263 ,  21.988.991 ,  21.061.907 ,  19.953.595 ,  19.751.841 ,  19.528.232 ,  19.800.844 ,  20.664.260 ,  20.795.884 ,  20.237.021 ,  20.723.920 ,  246.566.450 
Sul,  8.117.258 ,  7.972.092 ,  8.257.890 ,  8.114.934 ,  7.579.902 ,  7.330.463 ,  7.472.284 ,  7.611.805 ,  7.349.094 ,  7.447.106 ,  7.611.454 ,  7.896.309 ,  92.760.592 
Centro-Oeste,  3.185.331 ,  3.172.280 ,  3.278.122 ,  3.288.285 ,  3.223.643 ,  3.308.328 ,  3.161.535 ,  3.239.988 ,  3.576.234 ,  3.611.676 ,  3.375.322 ,  3.421.799 ,  39.842.543 
SUBSISTEMA ELÉTRICO,,,,,,,,,,,,,
Sistemas Isolados,  237.650 ,  229.734 ,  230.447 ,  250.318 ,  241.255 ,  230.634 ,  227.645 ,  240.727 ,  262.271 ,  261.891 ,  255.819 ,  249.263 ,  2.917.652 
Norte,  2.969.159 ,  2.836.646 ,  2.973.993 ,  3.037.187 ,  3.121.817 ,  3.140.880 ,  3.186.793 ,  3.265.815 ,  3.277.932 ,  3.305.404 ,  3.283.431 ,  3.291.787 ,  37.690.844 
Nordeste,  6.777.095 ,  6.429.620 ,  6.628.741 ,  6.580.056 ,  6.338.504 ,  6.331.917 ,  6.296.865 ,  6.398.043 ,  6.451.708 ,  6.790.720 ,  6.749.533 ,  6.975.130 ,  78.747.933 
Sudeste/C.Oeste,  24.992.166 ,  24.038.971 ,  25.570.380 ,  24.674.947 ,  23.503.160 ,  23.395.029 ,  23.006.915 ,  23.391.625 ,  24.611.547 ,  24.791.530 ,  23.969.038 ,  24.503.463 ,  290.448.771 
Sul,  8.117.258 ,  7.972.092 ,  8.257.890 ,  8.114.934 ,  7.579.902 ,  7.330.463 ,  7.472.284 ,  7.611.805 ,  7.349.094 ,  7.447.106 ,  7.611.454 ,  7.896.309 ,  92.760.592 
,,,,,,,,,,,,,
,2020,,,,,,,,,,,,
,JAN,FEV,MAR,ABR,MAI,JUN,JUL,AGO,SET,OUT,NOV,DEZ,ANO
TOTAL BRASIL,  41.329.206 ,  40.964.139 ,  41.138.619 ,  37.264.054 ,  36.124.236 ,  35.769.050 ,  37.869.299 ,  39.242.226 ,  40.352.370 ,  42.923.615 ,  41.430.694 ,  42.161.403 ,  476.568.909 
REGIÃO GEOGRÁFICA,,,,,,,,,,,,,
Norte,  2.894.526 ,  2.836.047 ,  2.815.284 ,  2.629.850 ,  2.656.714 ,  2.708.916 ,  2.898.335 ,  3.035.361 ,  3.085.360 ,  3.160.122 ,  3.007.704 ,  2.991.752 ,  34.719.971 
Nordeste,  7.122.375 ,  6.808.203 ,  6.929.932 ,  6.362.705 ,  6.356.709 ,  6.234.574 ,  6.529.700 ,  6.521.734 ,  6.823.175 ,  7.365.126 ,  7.009.816 ,  7.105.679 ,  81.169.727 
Sudeste,  20.157.502 ,  19.994.440 ,  20.221.091 ,  18.064.680 ,  17.378.115 ,  17.315.901 ,  18.381.116 ,  19.324.707 ,  19.785.077 ,  21.224.407 ,  20.377.363 ,  20.807.481 ,  233.031.882 
Sul,  7.980.476 ,  8.120.196 ,  7.950.414 ,  7.081.307 ,  6.672.170 ,  6.566.360 ,  6.979.431 ,  7.110.004 ,  7.263.503 ,  7.519.421 ,  7.616.851 ,  7.842.894 ,  88.703.026 
Centro-Oeste,  3.174.327 ,  3.205.252 ,  3.221.899 ,  3.125.511 ,  3.060.527 ,  2.943.299 ,  3.080.717 ,  3.250.420 ,  3.395.254 ,  3.654.538 ,  3.418.960 ,  3.413.597 ,  38.944.303 
SUBSISTEMA ELÉTRICO,,,,,,,,,,,,,
Sistemas Isolados,  244.792 ,  242.321 ,  258.421 ,  243.519 ,  226.173 ,  226.718 ,  239.861 ,  248.232 ,  264.520 ,  271.478 ,  265.767 ,  265.633 ,  2.997.434 
Norte,  2.938.356 ,  2.838.344 ,  2.826.208 ,  2.672.450 ,  2.730.799 ,  2.826.972 ,  2.991.221 ,  3.103.326 ,  3.125.072 ,  3.237.951 ,  3.085.089 ,  3.031.145 ,  35.406.933 
Nordeste,  6.518.270 ,  6.226.032 ,  6.336.125 ,  5.766.810 ,  5.748.623 ,  5.594.620 ,  5.877.721 ,  5.860.123 ,  6.144.747 ,  6.637.922 ,  6.308.776 ,  6.415.198 ,  73.434.969 
Sudeste/C.Oeste,  23.647.312 ,  23.537.245 ,  23.767.453 ,  21.499.967 ,  20.746.470 ,  20.554.380 ,  21.781.065 ,  22.920.541 ,  23.554.528 ,  25.256.842 ,  24.154.212 ,  24.606.533 ,  276.026.547 
Sul,  7.980.476 ,  8.120.196 ,  7.950.414 ,  7.081.307 ,  6.672.170 ,  6.566.360 ,  6.979.431 ,  7.110.004 ,  7.263.503 ,  7.519.421 ,  7.616.851 ,  7.842.894 ,  88.703.026 
,,,,,,,,,,,,,
,2019,,,,,,,,,,,,
,JAN,FEV,MAR,ABR,MAI,JUN,JUL,AGO,SET,OUT,NOV,DEZ,ANO
TOTAL BRASIL,  41.647.188 ,  41.164.000 ,  41.147.992 ,  39.723.395 ,  40.480.651 ,  38.440.784 ,  38.345.919 ,  38.641.546 ,  39.262.189 ,  41.067.779 ,  41.792.473 ,  40.801.898 ,  482.515.814 
REGIÃO GEOGRÁFICA,,,,,,,,,,,,,
Norte,  2.563.184 ,  2.421.379 ,  2.600.591 ,  2.567.809 ,  2.688.743 ,  2.719.684 ,  2.820.493 ,  2.881.216 ,  2.938.026 ,  2.965.331 ,  2.925.432 ,  2.994.753 ,  33.086.640 
Nordeste,  6.965.521 ,  6.820.975 ,  7.049.578 ,  6.773.402 ,  7.055.062 ,  6.624.438 ,  6.672.154 ,  6.545.284 ,  6.633.387 ,  7.138.364 ,  7.323.640 ,  7.536.744 ,  83.138.548 
Sudeste,  20.965.938 ,  20.584.521 ,  20.626.330 ,  19.827.659 ,  20.187.003 ,  18.980.780 ,  18.699.588 ,  18.900.145 ,  19.292.022 ,  20.170.884 ,  20.623.039 ,  19.593.151 ,  238.451.059 
Sul,  8.000.635 ,  8.131.096 ,  7.767.428 ,  7.470.886 ,  7.374.881 ,  7.058.334 ,  7.081.185 ,  7.169.974 ,  7.031.953 ,  7.346.734 ,  7.520.830 ,  7.467.002 ,  89.420.939 
Centro-Oeste,  3.151.911 ,  3.206.029 ,  3.104.065 ,  3.083.639 ,  3.174.962 ,  3.057.549 ,  3.072.499 ,  3.144.928 ,  3.366.802 ,  3.446.465 ,  3.399.533 ,  3.210.248 ,  38.418.628 
SUBSISTEMA ELÉTRICO,,,,,,,,,,,,,
Sistemas Isolados,  235.374 ,  223.485 ,  244.515 ,  253.060 ,  243.778 ,  227.972 ,  238.645 ,  234.551 ,  248.732 ,  264.261 ,  251.565 ,  248.470 ,  2.914.410 
Norte,  2.601.234 ,  2.473.879 ,  2.634.746 ,  2.576.790 ,  2.739.375 ,  2.803.120 ,  2.883.806 ,  2.970.444 ,  2.986.743 ,  3.033.103 ,  3.022.024 ,  3.103.353 ,  33.828.617 
Nordeste,  6.382.005 ,  6.247.356 ,  6.466.787 ,  6.199.701 ,  6.441.791 ,  6.001.112 ,  6.040.693 ,  5.897.532 ,  5.971.396 ,  6.471.428 ,  6.644.637 ,  6.840.622 ,  75.605.061 
Sudeste/C.Oeste,  24.427.941 ,  24.088.184 ,  24.034.515 ,  23.222.958 ,  23.680.825 ,  22.350.247 ,  22.101.589 ,  22.369.044 ,  23.023.366 ,  23.952.252 ,  24.353.417 ,  23.142.450 ,  280.746.788 
Sul,  8.000.635 ,  8.131.096 ,  7.767.428 ,  7.470.886 ,  7.374.881 ,  7.058.334 ,  7.081.185 ,  7.169.974 ,  7.031.953 ,  7.346.734 ,  7.520.830 ,  7.467.002 ,  89.420.939 
,,,,,,,,,,,,,
,2018,,,,,,,,,,,,
,JAN,FEV,MAR,ABR,MAI,JUN,JUL,AGO,SET,OUT,NOV,DEZ,ANO
TOTAL BRASIL,  40.054.675 ,  39.169.030 ,  41.106.871 ,  40.695.005 ,  39.263.299 ,  38.203.299 ,  38.508.157 ,  39.048.876 ,  39.038.987 ,  40.393.786 ,  40.407.669 ,  39.874.848 ,  475.764.500 
REGIÃO GEOGRÁFICA,,,,,,,,,,,,,
Norte,  2.812.898 ,  2.650.539 ,  2.868.574 ,  2.679.314 ,  2.666.895 ,  2.583.924 ,  2.658.452 ,  2.688.994 ,  2.689.093 ,  2.828.459 ,  2.723.638 ,  2.585.260 ,  32.436.038 
Nordeste,  6.715.170 ,  6.352.263 ,  6.581.659 ,  6.665.546 ,  6.655.929 ,  6.596.568 ,  6.520.394 ,  6.687.898 ,  6.636.681 ,  7.053.458 ,  7.184.242 ,  6.848.865 ,  80.498.674 
Sudeste,  20.078.364 ,  19.689.600 ,  20.852.953 ,  20.732.786 ,  19.736.424 ,  19.179.160 ,  19.272.779 ,  19.378.187 ,  19.599.718 ,  20.110.169 ,  20.154.429 ,  20.021.515 ,  238.806.083 
Sul,  7.526.624 ,  7.571.527 ,  7.771.959 ,  7.527.392 ,  7.190.267 ,  6.900.873 ,  7.049.956 ,  7.141.588 ,  6.955.336 ,  7.087.255 ,  7.173.508 ,  7.276.983 ,  87.173.268 
Centro-Oeste,  2.921.618 ,  2.905.102 ,  3.031.726 ,  3.089.967 ,  3.013.784 ,  2.942.775 ,  3.006.576 ,  3.152.209 ,  3.158.158 ,  3.314.445 ,  3.171.851 ,  3.142.225 ,  36.850.437 
SUBSISTEMA ELÉTRICO,,,,,,,,,,,,,
Sistemas Isolados,  231.785 ,  230.774 ,  238.314 ,  244.509 ,  235.248 ,  231.225 ,  231.825 ,  249.042 ,  245.815 ,  272.863 ,  265.657 ,  235.615 ,  2.912.672 
Norte,  2.852.964 ,  2.651.457 ,  2.892.971 ,  2.696.785 ,  2.692.115 ,  2.654.733 ,  2.717.587 ,  2.740.023 ,  2.752.253 ,  2.854.447 ,  2.771.254 ,  2.662.331 ,  32.938.918 
Nordeste,  6.148.176 ,  5.830.843 ,  6.020.333 ,  6.103.823 ,  6.084.050 ,  6.008.233 ,  5.922.473 ,  6.065.236 ,  6.015.347 ,  6.404.249 ,  6.537.616 ,  6.240.489 ,  73.380.869 
Sudeste/C.Oeste,  23.295.126 ,  22.884.429 ,  24.183.293 ,  24.122.497 ,  23.061.619 ,  22.408.235 ,  22.586.316 ,  22.852.986 ,  23.070.236 ,  23.774.972 ,  23.659.633 ,  23.459.430 ,  279.358.773 
Sul,  7.526.624 ,  7.571.527 ,  7.771.959 ,  7.527.392 ,  7.190.267 ,  6.900.873 ,  7.049.956 ,  7.141.588 ,  6.955.336 ,  7.087.255 ,  7.173.508 ,  7.276.983 ,  87.173.268 
,,,,,,,,,,,,,
,2017,,,,,,,,,,,,
,JAN,FEV,MAR,ABR,MAI,JUN,JUL,AGO,SET,OUT,NOV,DEZ,ANO
TOTAL BRASIL,  39.369.164 ,  38.836.387 ,  40.545.594 ,  39.430.431 ,  38.154.686 ,  38.114.265 ,  37.380.263 ,  37.865.729 ,  39.008.926 ,  39.336.272 ,  39.826.888 ,  39.606.126 ,  467.474.733 
REGIÃO GEOGRÁFICA,,,,,,,,,,,,,
Norte,  2.768.205 ,  2.552.629 ,  2.795.464 ,  2.721.049 ,  2.934.453 ,  2.891.844 ,  2.882.108 ,  3.041.036 ,  2.992.579 ,  3.047.409 ,  2.965.901 ,  2.917.594 ,  34.510.271 
Nordeste,  6.706.105 ,  6.341.434 ,  6.789.018 ,  6.561.331 ,  6.672.438 ,  6.591.858 ,  6.381.978 ,  6.503.729 ,  6.504.408 ,  6.870.831 ,  6.905.448 ,  6.902.678 ,  79.731.255 
Sudeste,  19.686.157 ,  19.583.907 ,  20.172.691 ,  19.877.597 ,  18.885.259 ,  18.859.514 ,  18.492.332 ,  18.501.817 ,  19.349.466 ,  19.442.583 ,  19.915.401 ,  19.748.006 ,  232.514.731 
Sul,  7.307.446 ,  7.520.746 ,  7.845.156 ,  7.275.840 ,  6.691.196 ,  6.804.976 ,  6.751.139 ,  6.880.099 ,  6.981.238 ,  6.878.050 ,  6.932.668 ,  7.128.628 ,  84.997.182 
Centro-Oeste,  2.901.250 ,  2.837.672 ,  2.943.265 ,  2.994.615 ,  2.971.340 ,  2.966.073 ,  2.872.706 ,  2.939.048 ,  3.181.236 ,  3.097.398 ,  3.107.470 ,  2.909.220 ,  35.721.294 
SUBSISTEMA ELÉTRICO,,,,,,,,,,,,,
Sistemas Isolados,  234.746 ,  219.581 ,  235.207 ,  227.399 ,  236.395 ,  234.445 ,  229.246 ,  251.033 ,  254.237 ,  259.045 ,  262.710 ,  249.416 ,  2.893.460 
Norte,  2.784.587 ,  2.571.580 ,  2.805.848 ,  2.747.525 ,  2.929.563 ,  2.911.329 ,  2.912.557 ,  3.057.710 ,  3.026.709 ,  3.096.417 ,  3.011.669 ,  2.987.088 ,  34.842.582 
Nordeste,  6.170.646 ,  5.830.848 ,  6.249.547 ,  6.023.097 ,  6.127.562 ,  6.031.791 ,  5.823.454 ,  5.903.147 ,  5.878.477 ,  6.226.788 ,  6.269.809 ,  6.273.976 ,  72.809.141 
Sudeste/C.Oeste,  22.871.738 ,  22.693.633 ,  23.409.836 ,  23.156.571 ,  22.169.970 ,  22.131.724 ,  21.663.867 ,  21.773.740 ,  22.868.266 ,  22.875.971 ,  23.350.032 ,  22.967.018 ,  271.932.368 
Sul,  7.307.446 ,  7.520.746 ,  7.845.156 ,  7.275.840 ,  6.691.196 ,  6.804.976 ,  6.751.139 ,  6.880.099 ,  6.981.238 ,  6.878.050 ,  6.932.668 ,  7.128.628 ,  84.997.182 
,,,,,,,,,,,,,
,2016,,,,,,,,,,,,
,JAN,FEV,MAR,ABR,MAI,JUN,JUL,AGO,SET,OUT,NOV,DEZ,ANO
TOTAL BRASIL,  38.400.901 ,  38.727.337 ,  39.444.914 ,  40.269.420 ,  38.648.673 ,  37.550.409 ,  37.255.241 ,  37.693.934 ,  38.345.060 ,  38.197.842 ,  38.754.249 ,  38.780.795 ,  462.068.775 
REGIÃO GEOGRÁFICA,,,,,,,,,,,,,
Norte,  2.734.717 ,  2.708.799 ,  2.863.718 ,  2.727.271 ,  2.862.447 ,  2.818.826 ,  2.900.857 ,  2.932.615 ,  2.919.161 ,  2.946.530 ,  2.953.991 ,  2.896.559 ,  34.265.491 
Nordeste,  6.534.573 ,  6.277.837 ,  6.792.209 ,  6.608.879 ,  6.721.518 ,  6.596.045 ,  6.463.676 ,  6.518.965 ,  6.623.804 ,  6.681.298 ,  6.818.249 ,  6.864.369 ,  79.501.420 
Sudeste,  19.314.001 ,  19.495.060 ,  19.611.354 ,  20.520.225 ,  19.303.127 ,  18.651.589 ,  18.388.987 ,  18.711.602 ,  19.239.375 ,  19.147.568 ,  19.361.478 ,  19.268.369 ,  231.012.735 
Sul,  6.978.391 ,  7.406.978 ,  7.259.988 ,  7.326.166 ,  6.859.487 ,  6.644.136 ,  6.665.440 ,  6.609.797 ,  6.587.724 ,  6.452.385 ,  6.690.298 ,  6.944.869 ,  82.425.658 
Centro-Oeste,  2.839.219 ,  2.838.664 ,  2.917.647 ,  3.086.879 ,  2.902.094 ,  2.839.814 ,  2.836.281 ,  2.920.955 ,  2.974.997 ,  2.970.061 ,  2.930.233 ,  2.806.629 ,  34.863.471 
SUBSISTEMA ELÉTRICO,,,,,,,,,,,,,
Sistemas Isolados,  242.029 ,  243.642 ,  252.453 ,  242.473 ,  231.265 ,  234.959 ,  230.566 ,  260.542 ,  252.657 ,  252.358 ,  253.797 ,  242.865 ,  2.939.606 
Norte,  2.738.088 ,  2.710.419 ,  2.862.575 ,  2.749.857 ,  2.907.970 ,  2.866.943 ,  2.945.013 ,  2.930.266 ,  2.987.174 ,  2.976.023 ,  3.004.283 ,  2.947.041 ,  34.625.652 
Nordeste,  6.005.098 ,  5.746.231 ,  6.239.582 ,  6.050.518 ,  6.155.240 ,  6.031.101 ,  5.901.487 ,  5.949.572 ,  6.007.452 ,  6.094.407 ,  6.207.681 ,  6.273.573 ,  72.661.940 
Sudeste/C.Oeste,  22.437.295 ,  22.620.068 ,  22.830.317 ,  23.900.406 ,  22.494.711 ,  21.773.271 ,  21.512.735 ,  21.943.757 ,  22.510.054 ,  22.422.669 ,  22.598.190 ,  22.372.447 ,  269.415.919 
Sul,  6.978.391 ,  7.406.978 ,  7.259.988 ,  7.326.166 ,  6.859.487 ,  6.644.136 ,  6.665.440 ,  6.609.797 ,  6.587.724 ,  6.452.385 ,  6.690.298 ,  6.944.869 ,  82.425.658 
,,,,,,,,,,,,,
,2015,,,,,,,,,,,,
,JAN,FEV,MAR,ABR,MAI,JUN,JUL,AGO,SET,OUT,NOV,DEZ,ANO
TOTAL BRASIL,  40.757.968 ,  40.719.266 ,  39.758.964 ,  39.596.670 ,  38.202.362 ,  37.263.666 ,  36.816.443 ,  37.858.685 ,  37.841.650 ,  39.276.666 ,  39.224.855 ,  38.669.960 ,  465.987.156 
REGIÃO GEOGRÁFICA,,,,,,,,,,,,,
Norte,  2.720.658 ,  2.565.453 ,  2.709.350 ,  2.646.878 ,  2.718.412 ,  2.693.038 ,  2.833.640 ,  2.891.977 ,  2.964.444 ,  3.050.012 ,  2.958.108 ,  2.962.634 ,  33.714.604 
Nordeste,  6.905.457 ,  6.689.282 ,  6.841.732 ,  6.671.253 ,  6.653.756 ,  6.435.715 ,  6.215.489 ,  6.333.882 ,  6.385.463 ,  6.634.596 ,  6.654.706 ,  6.792.624 ,  79.213.956 
Sudeste,  20.943.263 ,  20.869.827 ,  20.150.053 ,  20.215.138 ,  19.296.452 ,  18.752.591 ,  18.532.921 ,  19.084.994 ,  18.919.408 ,  19.814.546 ,  19.836.832 ,  19.359.382 ,  235.775.407 
Sul,  7.330.738 ,  7.665.269 ,  7.278.854 ,  7.236.052 ,  6.683.610 ,  6.567.886 ,  6.446.540 ,  6.648.544 ,  6.494.009 ,  6.561.339 ,  6.636.696 ,  6.604.791 ,  82.154.328 
Centro-Oeste,  2.857.851 ,  2.929.435 ,  2.778.975 ,  2.827.350 ,  2.850.132 ,  2.814.436 ,  2.787.852 ,  2.899.288 ,  3.078.326 ,  3.216.173 ,  3.138.514 ,  2.950.529 ,  35.128.861 
SUBSISTEMA ELÉTRICO,,,,,,,,,,,,,
Sistemas Isolados,  328.634 ,  304.534 ,  318.361 ,  317.739 ,  312.272 ,  228.746 ,  233.863 ,  244.334 ,  258.600 ,  283.114 ,  263.477 ,  252.893 ,  3.346.567 
Norte,  2.791.082 ,  2.641.733 ,  2.794.295 ,  2.621.255 ,  2.645.231 ,  2.705.048 ,  2.837.312 ,  2.907.368 ,  2.956.987 ,  3.026.397 ,  2.954.707 ,  2.972.897 ,  33.854.312 
Nordeste,  6.222.269 ,  6.040.031 ,  6.154.033 ,  6.088.618 ,  6.133.183 ,  5.902.293 ,  5.687.260 ,  5.771.891 ,  5.811.515 ,  6.052.106 ,  6.082.628 ,  6.215.136 ,  72.160.964 
Sudeste/C.Oeste,  24.085.244 ,  24.067.699 ,  23.213.421 ,  23.333.007 ,  22.428.066 ,  21.859.692 ,  21.611.468 ,  22.286.548 ,  22.320.539 ,  23.353.710 ,  23.287.348 ,  22.624.243 ,  274.470.985 
Sul,  7.330.738 ,  7.665.269 ,  7.278.854 ,  7.236.052 ,  6.683.610 ,  6.567.886 ,  6.446.540 ,  6.648.544 ,  6.494.009 ,  6.561.339 ,  6.636.696 ,  6.604.791 ,  82.154.328 
,,,,,,,,,,,,,
,2014,,,,,,,,,,,,
,JAN,FEV,MAR,ABR,MAI,JUN,JUL,AGO,SET,OUT,NOV,DEZ,ANO
TOTAL BRASIL,  40.279.759 ,  41.653.487 ,  40.269.429 ,  39.591.854 ,  39.100.499 ,  37.726.473 ,  37.866.809 ,  38.550.694 ,  38.894.976 ,  40.100.441 ,  40.950.726 ,  39.838.307 ,  474.823.454 
REGIÃO GEOGRÁFICA,,,,,,,,,,,,,
Norte,  2.600.972 ,  2.476.973 ,  2.612.667 ,  2.601.327 ,  2.707.327 ,  2.643.397 ,  2.821.879 ,  2.657.952 ,  2.836.892 ,  2.825.876 ,  2.762.256 ,  2.816.133 ,  32.363.651 
Nordeste,  6.886.428 ,  6.620.899 ,  6.857.552 ,  6.683.649 ,  6.683.419 ,  6.378.158 ,  6.554.674 ,  6.652.720 ,  6.721.395 ,  6.929.491 ,  6.919.617 ,  6.859.202 ,  80.747.204 
Sudeste,  20.704.340 ,  21.763.013 ,  20.782.600 ,  20.451.575 ,  20.068.194 ,  19.293.127 ,  19.111.350 ,  19.438.306 ,  19.529.007 ,  20.304.956 ,  20.968.110 ,  20.098.588 ,  242.513.166 
Sul,  7.333.087 ,  8.019.594 ,  7.281.924 ,  7.007.480 ,  6.794.930 ,  6.627.215 ,  6.639.960 ,  6.872.774 ,  6.787.415 ,  6.922.704 ,  7.264.836 ,  7.266.585 ,  84.818.504 
Centro-Oeste,  2.754.932 ,  2.773.008 ,  2.734.686 ,  2.847.823 ,  2.846.629 ,  2.784.576 ,  2.738.946 ,  2.928.942 ,  3.020.267 ,  3.117.414 ,  3.035.907 ,  2.797.799 ,  34.380.929 
SUBSISTEMA ELÉTRICO,,,,,,,,,,,,,
Sistemas Isolados,  308.956 ,  283.510 ,  292.087 ,  299.226 ,  305.901 ,  302.528 ,  305.209 ,  313.142 ,  340.352 ,  344.356 ,  339.035 ,  335.079 ,  3.769.381 
Norte,  2.853.260 ,  2.697.765 ,  2.857.495 ,  2.753.788 ,  2.779.906 ,  2.709.597 ,  2.901.748 ,  2.771.867 ,  2.876.693 ,  2.883.384 ,  2.833.011 ,  2.868.330 ,  33.786.844 
Nordeste,  6.038.656 ,  5.844.373 ,  6.042.578 ,  5.943.838 ,  6.018.103 ,  5.721.917 ,  5.888.798 ,  5.928.875 ,  6.018.843 ,  6.209.140 ,  6.208.638 ,  6.168.145 ,  72.031.904 
Sudeste/C.Oeste,  23.745.800 ,  24.808.245 ,  23.795.345 ,  23.587.522 ,  23.201.659 ,  22.365.216 ,  22.131.094 ,  22.664.036 ,  22.871.673 ,  23.740.857 ,  24.305.206 ,  23.200.168 ,  280.416.821 
Sul,  7.333.087 ,  8.019.594 ,  7.281.924 ,  7.007.480 ,  6.794.930 ,  6.627.215 ,  6.639.960 ,  6.872.774 ,  6.787.415 ,  6.922.704 ,  7.264.836 ,  7.266.585 ,  84.818.504 
,,,,,,,,,,,,,
,2013,,,,,,,,,,,,
,JAN,FEV,MAR,ABR,MAI,JUN,JUL,AGO,SET,OUT,NOV,DEZ,ANO
TOTAL BRASIL,  38.366.810 ,  38.005.652 ,  38.442.192 ,  38.653.663 ,  38.344.862 ,  37.627.698 ,  37.697.945 ,  38.613.276 ,  38.524.724 ,  39.389.004 ,  39.920.290 ,  39.556.378 ,  463.142.494 
REGIÃO GEOGRÁFICA,,,,,,,,,,,,,
Norte,  2.392.453 ,  2.266.206 ,  2.378.192 ,  2.461.104 ,  2.454.164 ,  2.449.533 ,  2.562.520 ,  2.559.396 ,  2.571.187 ,  2.720.586 ,  2.641.606 ,  2.738.735 ,  30.195.682 
Nordeste,  6.659.728 ,  6.452.494 ,  6.705.944 ,  6.852.552 ,  6.660.227 ,  6.384.530 ,  6.534.919 ,  6.580.762 ,  6.536.720 ,  6.832.552 ,  6.759.701 ,  6.733.760 ,  79.693.889 
Sudeste,  20.089.886 ,  19.775.484 ,  19.907.218 ,  20.097.448 ,  19.911.821 ,  19.652.655 ,  19.331.509 ,  19.838.087 ,  20.027.335 ,  20.325.563 ,  20.765.973 ,  20.381.824 ,  240.104.803 
Sul,  6.617.103 ,  6.952.735 ,  6.833.953 ,  6.572.123 ,  6.613.672 ,  6.498.366 ,  6.544.154 ,  6.797.218 ,  6.572.961 ,  6.654.874 ,  6.849.526 ,  6.885.986 ,  80.392.671 
Centro-Oeste,  2.607.640 ,  2.558.733 ,  2.616.885 ,  2.670.436 ,  2.704.978 ,  2.642.614 ,  2.724.843 ,  2.837.813 ,  2.816.521 ,  2.855.429 ,  2.903.484 ,  2.816.073 ,  32.755.449 
SUBSISTEMA ELÉTRICO,,,,,,,,,,,,,
Sistemas Isolados,  651.988 ,  627.052 ,  638.423 ,  675.977 ,  672.806 ,  688.200 ,  287.311 ,  289.566 ,  303.953 ,  317.941 ,  318.537 ,  311.346 ,  5.783.100 
Norte,  2.432.546 ,  2.282.245 ,  2.438.608 ,  2.442.681 ,  2.441.501 ,  2.410.278 ,  2.940.174 ,  2.973.453 ,  2.876.875 ,  2.992.731 ,  2.892.566 ,  2.961.111 ,  32.084.769 
Nordeste,  5.712.701 ,  5.562.227 ,  5.752.104 ,  5.926.994 ,  5.721.609 ,  5.465.976 ,  5.581.384 ,  5.608.228 ,  5.632.880 ,  5.936.067 ,  5.898.490 ,  5.881.281 ,  68.679.941 
Sudeste/C.Oeste,  22.952.472 ,  22.581.393 ,  22.779.104 ,  23.035.888 ,  22.895.274 ,  22.564.878 ,  22.344.922 ,  22.944.811 ,  23.138.055 ,  23.487.391 ,  23.961.171 ,  23.516.654 ,  276.202.013 
Sul,  6.617.103 ,  6.952.735 ,  6.833.953 ,  6.572.123 ,  6.613.672 ,  6.498.366 ,  6.544.154 ,  6.797.218 ,  6.572.961 ,  6.654.874 ,  6.849.526 ,  6.885.986 ,  80.392.671 
,,,,,,,,,,,,,
,2012,,,,,,,,,,,,
,JAN,FEV,MAR,ABR,MAI,JUN,JUL,AGO,SET,OUT,NOV,DEZ,ANO
TOTAL BRASIL,  36.305.167 ,  36.900.531 ,  38.623.111 ,  37.995.869 ,  36.810.191 ,  36.528.393 ,  35.917.147 ,  37.179.603 ,  37.661.696 ,  37.796.014 ,  38.643.584 ,  37.765.084 ,  448.126.391 
REGIÃO GEOGRÁFICA,,,,,,,,,,,,,
Norte,  2.368.905 ,  2.321.772 ,  2.439.658 ,  2.361.905 ,  2.430.160 ,  2.382.274 ,  2.397.648 ,  2.490.521 ,  2.455.692 ,  2.505.782 ,  2.484.062 ,  2.410.373 ,  29.048.752 
Nordeste,  6.297.828 ,  6.010.436 ,  6.407.753 ,  6.271.553 ,  6.436.375 ,  6.135.291 ,  6.111.808 ,  6.323.564 ,  6.288.243 ,  6.427.697 ,  6.421.108 ,  6.478.746 ,  75.610.402 
Sudeste,  18.915.418 ,  19.339.928 ,  20.230.842 ,  20.295.686 ,  19.244.538 ,  19.343.073 ,  18.762.191 ,  19.393.131 ,  19.904.342 ,  19.837.975 ,  20.485.581 ,  19.506.176 ,  235.258.881 
Sul,  6.353.277 ,  6.812.782 ,  7.026.116 ,  6.534.981 ,  6.141.747 ,  6.180.121 ,  6.188.904 ,  6.391.481 ,  6.340.229 ,  6.251.818 ,  6.543.892 ,  6.725.279 ,  77.490.628 
Centro-Oeste,  2.369.739 ,  2.415.613 ,  2.518.741 ,  2.531.744 ,  2.557.371 ,  2.487.634 ,  2.456.596 ,  2.580.906 ,  2.673.190 ,  2.772.742 ,  2.708.942 ,  2.644.510 ,  30.717.728 
SUBSISTEMA ELÉTRICO,,,,,,,,,,,,,
Sistemas Isolados,  605.432 ,  642.267 ,  625.665 ,  618.898 ,  626.248 ,  640.553 ,  639.555 ,  682.030 ,  669.984 ,  697.099 ,  715.760 ,  659.099 ,  7.822.590 
Norte,  2.519.336 ,  2.388.287 ,  2.528.737 ,  2.464.743 ,  2.564.902 ,  2.462.680 ,  2.453.561 ,  2.510.949 ,  2.486.488 ,  2.521.284 ,  2.427.264 ,  2.442.993 ,  29.771.224 
Nordeste,  5.308.865 ,  5.073.264 ,  5.426.930 ,  5.297.261 ,  5.414.017 ,  5.150.028 ,  5.164.193 ,  5.335.634 ,  5.303.269 ,  5.436.662 ,  5.467.115 ,  5.519.204 ,  63.896.442 
Sudeste/C.Oeste,  21.518.257 ,  21.983.931 ,  23.015.662 ,  23.079.986 ,  22.063.277 ,  22.095.011 ,  21.470.934 ,  22.259.509 ,  22.861.726 ,  22.889.151 ,  23.489.554 ,  22.418.509 ,  74.469.787 
Sul,  6.353.277 ,  6.812.782 ,  7.026.116 ,  6.534.981 ,  6.141.747 ,  6.180.121 ,  6.188.904 ,  6.391.481 ,  6.340.229 ,  6.251.818 ,  6.543.892 ,  6.725.279 ,  28.204.522 
,,,,,,,,,,,,,
,2011,,,,,,,,,,,,
,JAN,FEV,MAR,ABR,MAI,JUN,JUL,AGO,SET,OUT,NOV,DEZ,ANO
TOTAL BRASIL,  35.873.744 ,  35.444.917 ,  36.350.690 ,  36.048.318 ,  35.565.987 ,  35.159.574 ,  35.417.293 ,  36.335.813 ,  36.965.189 ,  36.743.770 ,  36.368.390 ,  36.741.949 ,  433.015.634 
REGIÃO GEOGRÁFICA,,,,,,,,,,,,,
Norte,  2.215.755 ,  2.063.282 ,  2.235.928 ,  2.218.663 ,  2.262.894 ,  2.323.604 ,  2.351.516 ,  2.406.843 ,  2.419.447 ,  2.476.119 ,  2.369.154 ,  2.415.932 ,  74.469.787 
Nordeste,  5.988.600 ,  5.502.639 ,  6.026.836 ,  5.966.554 ,  5.899.310 ,  5.809.043 ,  5.936.622 ,  6.092.998 ,  6.093.026 ,  6.216.199 ,  6.137.780 ,  6.244.198 ,  -   
Sudeste,  19.247.694 ,  19.218.269 ,  19.390.849 ,  19.369.031 ,  18.908.980 ,  18.737.534 ,  18.731.628 ,  19.249.143 ,  19.753.623 ,  19.385.128 ,  19.378.704 ,  19.297.800 ,  2.010 
Sul,  6.285.133 ,  6.504.407 ,  6.435.946 ,  6.183.233 ,  6.147.984 ,  6.011.171 ,  6.081.811 ,  6.177.576 ,  6.133.865 ,  6.118.714 ,  6.045.746 ,  6.344.201 ,  -   
Centro-Oeste,  2.136.562 ,  2.156.320 ,  2.261.131 ,  2.310.837 ,  2.346.819 ,  2.278.222 ,  2.315.716 ,  2.409.253 ,  2.565.228 ,  2.547.610 ,  2.437.006 ,  2.439.818 ,  415.667.758 
SUBSISTEMA ELÉTRICO,,,,,,,,,,,,,
Sistemas Isolados,  563.105 ,  539.379 ,  558.760 ,  562.467 ,  568.405 ,  592.238 ,  594.421 ,  632.883 ,  656.582 ,  663.908 ,  633.767 ,  623.402 ,  7.189.317 
Norte,  2.427.336 ,  2.212.703 ,  2.446.369 ,  2.425.865 ,  2.497.282 ,  2.520.006 ,  2.561.563 ,  2.594.923 ,  2.556.386 ,  2.606.289 ,  2.494.162 ,  2.553.827 ,  29.896.711 
Nordeste,  4.994.351 ,  4.605.569 ,  5.057.211 ,  4.981.970 ,  4.879.960 ,  4.794.000 ,  4.902.561 ,  5.033.190 ,  5.057.216 ,  5.173.442 ,  5.128.550 ,  5.238.788 ,  59.846.808 
Sudeste/C.Oeste,  21.603.819 ,  21.582.859 ,  21.852.404 ,  21.894.783 ,  21.472.356 ,  21.242.159 ,  21.276.937 ,  21.897.241 ,  22.561.140 ,  22.181.417 ,  22.066.165 ,  21.981.731 ,  261.613.011 
Sul,  6.285.133 ,  6.504.407 ,  6.435.946 ,  6.183.233 ,  6.147.984 ,  6.011.171 ,  6.081.811 ,  6.177.576 ,  6.133.865 ,  6.118.714 ,  6.045.746 ,  6.344.201 ,  74.469.787 
,,,,,,,,,,,,,
,2010,,,,,,,,,,,,
,JAN,FEV,MAR,ABR,MAI,JUN,JUL,AGO,SET,OUT,NOV,DEZ,ANO
TOTAL BRASIL,  33.360.461 ,  33.729.758 ,  35.116.882 ,  35.025.860 ,  34.296.978 ,  34.169.459 ,  33.849.349 ,  34.713.394 ,  35.182.271 ,  35.188.925 ,  35.077.981 ,  35.956.439 ,  415.667.758 
REGIÃO GEOGRÁFICA,,,,,,,,,,,,,
Norte,  2.065.345 ,  1.976.810 ,  2.107.323 ,  2.146.015 ,  2.175.440 ,  2.198.244 ,  2.195.788 ,  2.228.538 ,  2.279.912 ,  2.325.698 ,  2.262.057 ,  2.260.546 ,  26.221.714 
Nordeste,  5.739.946 ,  5.589.432 ,  6.118.961 ,  5.884.040 ,  5.959.632 ,  5.905.720 ,  5.844.282 ,  5.833.193 ,  5.896.294 ,  6.123.244 ,  6.136.436 ,  6.165.765 ,  71.196.945 
Sudeste,  17.684.138 ,  18.113.423 ,  18.521.916 ,  18.825.122 ,  18.240.192 ,  18.212.704 ,  17.936.477 ,  18.656.632 ,  18.980.234 ,  18.818.098 ,  18.709.507 ,  19.306.259 ,  222.004.702 
Sul,  5.798.706 ,  5.979.347 ,  6.199.985 ,  5.982.263 ,  5.730.901 ,  5.652.619 ,  5.706.940 ,  5.755.499 ,  5.711.563 ,  5.628.306 ,  5.758.556 ,  6.029.231 ,  69.933.916 
Centro-Oeste,  2.072.325 ,  2.070.746 ,  2.168.697 ,  2.188.420 ,  2.190.813 ,  2.200.172 ,  2.165.862 ,  2.239.532 ,  2.314.269 ,  2.293.579 ,  2.211.426 ,  2.194.639 ,  26.310.480 
SUBSISTEMA ELÉTRICO,,,,,,,,,,,,,
Sistemas Isolados,  530.185 ,  522.360 ,  519.974 ,  569.974 ,  555.372 ,  572.783 ,  549.102 ,  583.301 ,  609.370 ,  617.640 ,  607.895 ,  583.777 ,  6.821.731 
Norte,  2.304.691 ,  2.153.625 ,  2.347.780 ,  2.309.802 ,  2.373.574 ,  2.369.141 ,  2.407.663 ,  2.452.133 ,  2.439.170 ,  2.485.835 ,  2.419.808 ,  2.455.639 ,  28.518.861 
Nordeste,  4.776.266 ,  4.706.249 ,  5.165.046 ,  4.940.166 ,  4.997.391 ,  4.958.753 ,  4.872.636 ,  4.825.434 ,  4.909.409 ,  5.106.765 ,  5.144.191 ,  5.169.293 ,  59.571.599 
Sudeste/C.Oeste,  19.950.612 ,  20.368.177 ,  20.884.097 ,  21.223.655 ,  20.639.740 ,  20.616.163 ,  20.313.008 ,  21.097.027 ,  21.512.760 ,  21.350.379 ,  21.147.532 ,  21.718.500 ,  250.821.650 
Sul,  5.798.706 ,  5.979.347 ,  6.199.985 ,  5.982.263 ,  5.730.901 ,  5.652.619 ,  5.706.940 ,  5.755.499 ,  5.711.563 ,  5.628.306 ,  5.758.556 ,  6.029.231 ,  69.933.916 
,,,,,,,,,,,,,
,2009,,,,,,,,,,,,
,JAN,FEV,MAR,ABR,MAI,JUN,JUL,AGO,SET,OUT,NOV,DEZ,ANO
TOTAL BRASIL,  30.666.662 ,  30.495.143 ,  31.977.750 ,  32.042.793 ,  30.945.453 ,  30.715.170 ,  31.324.991 ,  32.262.206 ,  32.716.666 ,  33.419.533 ,  33.616.820 ,  34.123.195 ,  384.306.380 
REGIÃO GEOGRÁFICA,,,,,,,,,,,,,
Norte,  1.981.913 ,  1.804.162 ,  1.882.490 ,  1.919.027 ,  1.923.559 ,  1.993.823 ,  2.023.693 ,  2.074.891 ,  2.089.534 ,  2.135.822 ,  2.132.369 ,  2.121.716 ,  24.082.999 
Nordeste,  5.340.331 ,  5.098.685 ,  5.391.003 ,  5.307.847 ,  5.189.806 ,  5.122.496 ,  5.257.360 ,  5.501.276 ,  5.581.245 ,  5.779.775 ,  5.705.872 ,  5.968.068 ,  65.243.764 
Sudeste,  16.124.348 ,  16.190.533 ,  16.931.565 ,  17.027.530 ,  16.500.151 ,  16.330.119 ,  16.655.879 ,  17.158.443 ,  17.516.988 ,  17.858.520 ,  18.058.927 ,  18.201.962 ,  204.554.966 
Sul,  5.279.472 ,  5.465.140 ,  5.742.612 ,  5.671.556 ,  5.266.440 ,  5.261.043 ,  5.315.045 ,  5.392.188 ,  5.362.624 ,  5.440.950 ,  5.591.816 ,  5.739.383 ,  65.528.269 
Centro-Oeste,  1.940.598 ,  1.936.623 ,  2.030.080 ,  2.116.833 ,  2.065.497 ,  2.007.689 ,  2.073.014 ,  2.135.408 ,  2.166.275 ,  2.204.466 ,  2.127.836 ,  2.092.066 ,  24.896.383 
SUBSISTEMA ELÉTRICO,,,,,,,,,,,,,
Sistemas Isolados,  660.399 ,  641.064 ,  642.350 ,  662.345 ,  678.973 ,  681.152 ,  678.137 ,  739.357 ,  760.014 ,  783.998 ,  578.759 ,  568.805 ,  8.075.353 
Norte,  2.258.573 ,  1.979.238 ,  2.109.772 ,  2.106.575 ,  2.150.750 ,  2.182.941 ,  2.254.448 ,  2.279.943 ,  2.271.616 ,  2.310.492 ,  2.287.224 ,  2.292.493 ,  26.484.065 
Nordeste,  4.411.351 ,  4.290.763 ,  4.528.036 ,  4.464.527 ,  4.290.163 ,  4.259.862 ,  4.354.335 ,  4.563.834 ,  4.646.286 ,  4.828.396 ,  4.770.153 ,  5.031.179 ,  54.438.885 
Sudeste/C.Oeste,  18.056.867 ,  18.118.938 ,  18.954.980 ,  19.137.790 ,  18.559.127 ,  18.330.172 ,  18.723.026 ,  19.286.884 ,  19.676.126 ,  20.055.697 ,  20.388.868 ,  20.491.335 ,  229.779.808 
Sul,  5.279.472 ,  5.465.140 ,  5.742.612 ,  5.671.556 ,  5.266.440 ,  5.261.043 ,  5.315.045 ,  5.392.188 ,  5.362.624 ,  5.440.950 ,  5.591.816 ,  5.739.383 ,  65.528.269 
,,,,,,,,,,,,,
,2008,,,,,,,,,,,,
,JAN,FEV,MAR,ABR,MAI,JUN,JUL,AGO,SET,OUT,NOV,DEZ,ANO
TOTAL BRASIL,  31.855.946 ,  31.730.941 ,  32.118.715 ,  31.952.656 ,  32.299.963 ,  31.742.988 ,  32.150.352 ,  33.013.529 ,  32.964.087 ,  33.673.777 ,  33.410.167 ,  31.559.278 ,  388.472.399 
REGIÃO GEOGRÁFICA,,,,,,,,,,,,,
Norte,  1.890.320 ,  1.836.296 ,  1.900.506 ,  1.888.899 ,  1.933.034 ,  1.980.943 ,  1.998.546 ,  2.066.807 ,  2.112.487 ,  2.151.182 ,  2.081.744 ,  2.032.318 ,  23.873.082 
Nordeste,  5.505.389 ,  5.284.770 ,  5.365.906 ,  5.266.621 ,  5.436.907 ,  5.241.035 ,  5.334.190 ,  5.400.231 ,  5.461.714 ,  5.685.044 ,  5.585.549 ,  5.535.839 ,  65.103.195 
Sudeste,  17.157.633 ,  17.088.727 ,  17.293.931 ,  17.284.914 ,  17.577.262 ,  17.180.445 ,  17.451.996 ,  17.983.892 ,  17.869.017 ,  18.231.987 ,  18.164.111 ,  16.659.849 ,  209.943.764 
Sul,  5.491.078 ,  5.689.547 ,  5.723.834 ,  5.604.344 ,  5.382.338 ,  5.368.281 ,  5.419.027 ,  5.520.183 ,  5.412.749 ,  5.481.462 ,  5.441.085 ,  5.366.031 ,  65.899.959 
Centro-Oeste,  1.811.526 ,  1.831.601 ,  1.834.538 ,  1.907.878 ,  1.970.422 ,  1.972.284 ,  1.946.593 ,  2.042.416 ,  2.108.120 ,  2.124.102 ,  2.137.678 ,  1.965.241 ,  23.652.399 
SUBSISTEMA ELÉTRICO,,,,,,,,,,,,,
Sistemas Isolados,  643.748 ,  632.555 ,  643.022 ,  652.059 ,  674.466 ,  677.641 ,  675.002 ,  731.190 ,  754.347 ,  740.672 ,  754.472 ,  704.255 ,  8.283.429 
Norte,  2.176.344 ,  2.062.095 ,  2.169.060 ,  2.116.218 ,  2.173.036 ,  2.211.338 ,  2.273.269 ,  2.297.754 ,  2.310.179 ,  2.385.308 ,  2.278.183 ,  2.270.448 ,  26.723.232 
Nordeste,  4.589.009 ,  4.439.813 ,  4.467.010 ,  4.400.292 ,  4.535.807 ,  4.346.576 ,  4.398.138 ,  4.451.699 ,  4.524.420 ,  4.722.599 ,  4.646.554 ,  4.604.250 ,  54.126.167 
Sudeste/C.Oeste,  18.955.767 ,  18.906.931 ,  19.115.789 ,  19.179.743 ,  19.534.316 ,  19.139.152 ,  19.384.916 ,  20.012.703 ,  19.962.392 ,  20.343.736 ,  20.289.873 ,  18.614.294 ,  233.439.612 
Sul,  5.491.078 ,  5.689.547 ,  5.723.834 ,  5.604.344 ,  5.382.338 ,  5.368.281 ,  5.419.027 ,  5.520.183 ,  5.412.749 ,  5.481.462 ,  5.441.085 ,  5.366.031 ,  65.899.959 
,,,,,,,,,,,,,
,2007,,,,,,,,,,,,
,JAN,FEV,MAR,ABR,MAI,JUN,JUL,AGO,SET,OUT,NOV,DEZ,ANO
TOTAL BRASIL,  30.699.704 ,  30.324.669 ,  31.312.900 ,  32.030.744 ,  31.382.917 ,  30.766.760 ,  30.500.299 ,  31.181.133 ,  31.735.736 ,  32.135.735 ,  32.654.491 ,  32.304.926 ,  377.030.014 
REGIÃO GEOGRÁFICA,,,,,,,,,,,,,
Norte,  1.833.708 ,  1.752.986 ,  1.820.537 ,  1.832.867 ,  1.889.427 ,  1.899.318 ,  1.912.792 ,  1.950.708 ,  1.964.607 ,  2.006.525 ,  1.995.582 ,  1.991.017 ,  22.850.074 
Nordeste,  5.184.828 ,  4.883.152 ,  4.985.447 ,  5.117.947 ,  5.132.742 ,  5.079.581 ,  5.131.886 ,  5.212.952 ,  5.148.024 ,  5.440.994 ,  5.502.715 ,  5.546.780 ,  62.367.048 
Sudeste,  16.699.870 ,  16.615.359 ,  17.288.542 ,  17.761.372 ,  17.290.528 ,  16.890.489 ,  16.589.542 ,  16.970.732 ,  17.585.510 ,  17.488.650 ,  17.983.265 ,  17.621.312 ,  206.785.171 
Sul,  5.203.429 ,  5.351.937 ,  5.424.059 ,  5.404.659 ,  5.219.841 ,  5.114.607 ,  5.056.898 ,  5.194.645 ,  5.157.841 ,  5.240.394 ,  5.294.910 ,  5.333.163 ,  62.996.383 
Centro-Oeste,  1.777.869 ,  1.721.235 ,  1.794.315 ,  1.913.899 ,  1.850.379 ,  1.782.765 ,  1.809.181 ,  1.852.096 ,  1.879.754 ,  1.959.172 ,  1.878.019 ,  1.812.654 ,  22.031.338 
SUBSISTEMA ELÉTRICO,,,,,,,,,,,,,
Sistemas Isolados,  610.999 ,  613.674 ,  613.844 ,  632.726 ,  637.929 ,  649.524 ,  640.495 ,  659.124 ,  690.497 ,  692.060 ,  703.637 ,  682.025 ,  7.826.534 
Norte,  2.129.379 ,  1.965.130 ,  2.091.436 ,  2.088.417 ,  2.172.209 ,  2.138.391 ,  2.187.175 ,  2.234.128 ,  2.180.370 ,  2.260.957 ,  2.221.822 ,  2.252.062 ,  25.921.476 
Nordeste,  4.293.362 ,  4.072.821 ,  4.116.069 ,  4.245.411 ,  4.227.316 ,  4.203.769 ,  4.229.714 ,  4.283.116 ,  4.255.922 ,  4.508.399 ,  4.586.600 ,  4.616.989 ,  51.639.488 
Sudeste/C.Oeste,  18.462.535 ,  18.321.107 ,  19.067.492 ,  19.659.531 ,  19.125.622 ,  18.660.469 ,  18.386.017 ,  18.810.120 ,  19.451.106 ,  19.433.925 ,  19.847.522 ,  19.420.687 ,  228.646.133 
Sul,  5.203.429 ,  5.351.937 ,  5.424.059 ,  5.404.659 ,  5.219.841 ,  5.114.607 ,  5.056.898 ,  5.194.645 ,  5.157.841 ,  5.240.394 ,  5.294.910 ,  5.333.163 ,  62.996.383 
,,,,,,,,,,,,,
,2006,,,,,,,,,,,,
,JAN,FEV,MAR,ABR,MAI,JUN,JUL,AGO,SET,OUT,NOV,DEZ,ANO
TOTAL BRASIL,  28.880.911 ,  29.383.487 ,  29.897.828 ,  29.887.953 ,  28.925.039 ,  29.068.798 ,  29.113.809 ,  29.886.236 ,  29.916.631 ,  30.143.525 ,  30.531.121 ,  30.493.979 ,  356.129.316 
REGIÃO GEOGRÁFICA,,,,,,,,,,,,,
Norte,  1.727.932 ,  1.646.352 ,  1.741.060 ,  1.733.653 ,  1.753.959 ,  1.761.920 ,  1.812.929 ,  1.851.943 ,  1.886.314 ,  1.899.959 ,  1.871.574 ,  1.864.370 ,  21.551.966 
Nordeste,  4.913.182 ,  4.704.041 ,  4.976.022 ,  4.856.338 ,  4.793.832 ,  4.769.522 ,  4.760.160 ,  4.939.400 ,  4.950.953 ,  5.141.501 ,  5.132.731 ,  5.122.710 ,  59.060.392 
Sudeste,  15.695.620 ,  16.178.818 ,  16.273.217 ,  16.494.218 ,  15.885.835 ,  15.969.883 ,  15.981.707 ,  16.352.070 ,  16.434.266 ,  16.453.398 ,  16.722.623 ,  16.689.648 ,  195.131.302 
Sul,  4.927.600 ,  5.187.222 ,  5.211.509 ,  5.062.543 ,  4.807.141 ,  4.879.786 ,  4.847.373 ,  4.957.961 ,  4.841.502 ,  4.852.385 ,  5.043.949 ,  5.074.875 ,  59.693.847 
Centro-Oeste,  1.616.577 ,  1.667.054 ,  1.696.020 ,  1.741.200 ,  1.684.272 ,  1.687.687 ,  1.711.640 ,  1.784.863 ,  1.803.594 ,  1.796.283 ,  1.760.244 ,  1.742.376 ,  20.691.809 
SUBSISTEMA ELÉTRICO,,,,,,,,,,,,,
Sistemas Isolados,  573.678 ,  572.318 ,  573.765 ,  593.409 ,  583.257 ,  597.955 ,  622.176 ,  630.911 ,  673.536 ,  659.545 ,  661.747 ,  644.481 ,  7.386.778 
Norte,  1.983.975 ,  1.845.538 ,  1.997.492 ,  1.979.413 ,  2.002.934 ,  2.006.597 ,  2.057.709 ,  2.119.573 ,  2.099.683 ,  2.156.880 ,  2.097.589 ,  2.133.465 ,  24.480.849 
Nordeste,  4.096.943 ,  3.946.336 ,  4.159.995 ,  4.031.775 ,  3.975.978 ,  3.941.536 ,  3.907.604 ,  4.055.591 ,  4.079.746 ,  4.240.865 ,  4.260.667 ,  4.224.038 ,  48.921.074 
Sudeste/C.Oeste,  17.298.716 ,  17.832.072 ,  17.955.066 ,  18.220.813 ,  17.555.728 ,  17.642.923 ,  17.678.948 ,  18.122.200 ,  18.222.163 ,  18.233.851 ,  18.467.169 ,  18.417.119 ,  215.646.768 
Sul,  4.927.600 ,  5.187.222 ,  5.211.509 ,  5.062.543 ,  4.807.141 ,  4.879.786 ,  4.847.373 ,  4.957.961 ,  4.841.502 ,  4.852.385 ,  5.043.949 ,  5.074.875 ,  59.693.847 
,,,,,,,,,,,,,
,2005,,,,,,,,,,,,
,JAN,FEV,MAR,ABR,MAI,JUN,JUL,AGO,SET,OUT,NOV,DEZ,ANO
TOTAL BRASIL,  28.375.437 ,  27.838.481 ,  28.598.632 ,  29.355.502 ,  28.482.151 ,  28.326.182 ,  28.322.317 ,  28.764.355 ,  29.335.128 ,  29.145.312 ,  29.287.617 ,  29.505.146 ,  345.336.260 
REGIÃO GEOGRÁFICA,,,,,,,,,,,,,
Norte,  1.687.539 ,  1.619.124 ,  1.669.598 ,  1.651.887 ,  1.689.409 ,  1.692.288 ,  1.718.918 ,  1.725.457 ,  1.752.161 ,  1.796.178 ,  1.787.687 ,  1.774.268 ,  20.564.513 
Nordeste,  4.775.176 ,  4.526.038 ,  4.692.201 ,  4.675.415 ,  4.738.601 ,  4.575.215 ,  4.643.778 ,  4.739.651 ,  4.763.781 ,  4.849.539 ,  4.919.391 ,  5.005.464 ,  56.904.251 
Sudeste,  15.518.488 ,  15.157.055 ,  15.516.648 ,  16.304.408 ,  15.581.963 ,  15.633.867 ,  15.509.118 ,  15.838.517 ,  16.391.989 ,  16.074.849 ,  16.089.443 ,  16.116.894 ,  189.733.239 
Sul,  4.809.416 ,  4.966.586 ,  5.069.873 ,  4.997.008 ,  4.799.821 ,  4.760.324 ,  4.724.562 ,  4.743.659 ,  4.654.131 ,  4.668.762 ,  4.748.342 ,  4.948.743 ,  57.891.228 
Centro-Oeste,  1.584.818 ,  1.569.678 ,  1.650.311 ,  1.726.784 ,  1.672.357 ,  1.664.488 ,  1.725.940 ,  1.717.071 ,  1.773.066 ,  1.755.984 ,  1.742.754 ,  1.659.777 ,  20.243.030 
SUBSISTEMA ELÉTRICO,,,,,,,,,,,,,
Sistemas Isolados,  577.924 ,  557.548 ,  568.774 ,  575.804 ,  572.979 ,  593.223 ,  604.373 ,  599.992 ,  637.941 ,  634.364 ,  639.584 ,  616.391 ,  7.178.897 
Norte,  1.890.933 ,  1.785.180 ,  1.884.709 ,  1.828.608 ,  1.905.814 ,  1.890.130 ,  1.913.978 ,  1.941.091 ,  1.914.332 ,  1.984.395 ,  1.961.498 ,  2.044.857 ,  22.945.525 
Nordeste,  4.017.487 ,  3.827.107 ,  3.936.072 ,  3.951.643 ,  3.976.608 ,  3.811.736 ,  3.873.385 ,  3.953.202 ,  3.993.510 ,  4.056.077 ,  4.133.521 ,  4.144.831 ,  47.675.176 
Sudeste/C.Oeste,  17.079.676 ,  16.702.060 ,  17.139.204 ,  18.002.439 ,  17.226.929 ,  17.270.770 ,  17.206.020 ,  17.526.411 ,  18.135.214 ,  17.801.714 ,  17.804.672 ,  17.750.325 ,  209.645.434 
Sul,  4.809.416 ,  4.966.586 ,  5.069.873 ,  4.997.008 ,  4.799.821 ,  4.760.324 ,  4.724.562 ,  4.743.659 ,  4.654.131 ,  4.668.762 ,  4.748.342 ,  4.948.743 ,  57.891.228 
,,,,,,,,,,,,,
,2004,,,,,,,,,,,,
,JAN,FEV,MAR,ABR,MAI,JUN,JUL,AGO,SET,OUT,NOV,DEZ,ANO
TOTAL BRASIL,  26.978.358 ,  26.508.171 ,  27.284.329 ,  28.046.182 ,  27.244.506 ,  27.082.961 ,  27.346.005 ,  27.656.858 ,  28.232.451 ,  28.556.121 ,  28.367.124 ,  28.562.106 ,  331.865.174 
REGIÃO GEOGRÁFICA,,,,,,,,,,,,,
Norte,  1.574.434 ,  1.507.449 ,  1.574.177 ,  1.598.862 ,  1.625.479 ,  1.641.382 ,  1.665.003 ,  1.729.896 ,  1.687.157 ,  1.724.167 ,  1.719.638 ,  1.740.621 ,  19.788.264 
Nordeste,  4.457.112 ,  4.139.768 ,  4.372.743 ,  4.461.999 ,  4.423.585 ,  4.409.302 ,  4.376.174 ,  4.438.515 ,  4.570.030 ,  4.657.881 ,  4.708.465 ,  4.770.510 ,  53.786.084 
Sudeste,  14.929.524 ,  14.714.714 ,  14.903.796 ,  15.501.323 ,  14.906.629 ,  14.898.517 ,  15.094.285 ,  15.189.575 ,  15.593.686 ,  15.839.877 ,  15.804.794 ,  15.750.648 ,  183.127.368 
Sul,  4.510.113 ,  4.690.228 ,  4.898.770 ,  4.873.311 ,  4.723.026 ,  4.556.564 ,  4.598.793 ,  4.653.182 ,  4.654.412 ,  4.590.698 ,  4.529.419 ,  4.665.214 ,  55.943.730 
Centro-Oeste,  1.507.174 ,  1.456.013 ,  1.534.844 ,  1.610.687 ,  1.565.788 ,  1.577.197 ,  1.611.750 ,  1.645.690 ,  1.727.167 ,  1.743.499 ,  1.604.807 ,  1.635.114 ,  19.219.728 
SUBSISTEMA ELÉTRICO,,,,,,,,,,,,,
Sistemas Isolados,  537.166 ,  515.912 ,  525.472 ,  538.284 ,  536.325 ,  539.350 ,  552.988 ,  559.477 ,  583.883 ,  605.454 ,  598.479 ,  603.585 ,  6.696.375 
Norte,  1.795.207 ,  1.707.571 ,  1.815.858 ,  1.813.828 ,  1.864.450 ,  1.855.965 ,  1.880.414 ,  1.955.055 ,  1.877.032 ,  1.934.411 ,  1.895.129 ,  1.921.259 ,  22.316.179 
Nordeste,  3.719.427 ,  3.444.707 ,  3.629.040 ,  3.733.031 ,  3.671.927 ,  3.678.192 ,  3.633.964 ,  3.680.492 ,  3.823.780 ,  3.870.290 ,  3.961.921 ,  4.011.821 ,  44.858.591 
Sudeste/C.Oeste,  16.416.445 ,  16.149.752 ,  16.415.190 ,  17.087.728 ,  16.448.778 ,  16.452.891 ,  16.679.846 ,  16.808.652 ,  17.293.345 ,  17.555.268 ,  17.382.177 ,  17.360.226 ,  202.050.298 
Sul,  4.510.113 ,  4.690.228 ,  4.898.770 ,  4.873.311 ,  4.723.026 ,  4.556.564 ,  4.598.793 ,  4.653.182 ,  4.654.412 ,  4.590.698 ,  4.529.419 ,  4.665.214 ,  55.943.730 